Date,Open,High,Low,Close,Adj Close,Volume
2010-11-26,0.87,0.9,0.85,0.89,0.42,64791508.0
2010-11-29,0.87,0.88,0.86,0.87,0.41,48819941.0
2010-11-30,0.87,0.87,0.84,0.85,0.4,23158544.0
2010-12-01,0.85,0.86,0.85,0.85,0.4,8183769.0
2010-12-02,0.86,0.86,0.84,0.85,0.4,9536477.0
2010-12-03,0.85,0.85,0.84,0.85,0.4,5926967.0
2010-12-06,0.85,0.85,0.84,0.84,0.4,12388379.0
2010-12-07,0.84,0.84,0.82,0.82,0.39,19426580.0
2010-12-08,0.83,0.83,0.82,0.83,0.39,9775661.0
2010-12-09,0.83,0.83,0.82,0.82,0.39,8680448.0
2010-12-10,0.82,0.82,0.81,0.82,0.39,12487944.0
2010-12-13,0.82,0.82,0.81,0.81,0.39,5106415.0
2010-12-14,0.82,0.83,0.81,0.82,0.39,3290216.0
2010-12-15,0.83,0.84,0.82,0.83,0.4,18913879.0
2010-12-16,0.84,0.86,0.83,0.85,0.4,12858737.0
2010-12-17,0.86,0.87,0.85,0.86,0.41,6265716.0
2010-12-20,0.86,0.86,0.85,0.85,0.4,2281979.0
2010-12-21,0.86,0.86,0.84,0.85,0.4,1431673.0
2010-12-22,0.85,0.85,0.84,0.85,0.4,2156093.0
2010-12-23,0.85,0.85,0.84,0.85,0.4,1084913.0
2010-12-24,0.85,0.85,0.84,0.84,0.4,0.0
2010-12-27,0.85,0.85,0.84,0.84,0.4,260928.0
2010-12-28,0.85,0.85,0.84,0.85,0.4,725564.0
2010-12-29,0.85,0.85,0.84,0.85,0.4,513846.0
2010-12-30,0.85,0.85,0.84,0.84,0.4,995648.0
2010-12-31,0.85,0.85,0.84,0.85,0.4,0.0
2011-01-03,0.85,0.85,0.84,0.85,0.4,1376741.0
2011-01-04,0.85,0.85,0.84,0.84,0.4,769052.0
2011-01-05,0.84,0.85,0.84,0.85,0.4,1725790.0
2011-01-06,0.85,0.86,0.85,0.86,0.41,2308301.0
2011-01-07,0.86,0.87,0.85,0.86,0.41,4769955.0
2011-01-10,0.87,0.87,0.87,0.87,0.41,6297760.0
2011-01-11,0.87,0.89,0.87,0.87,0.41,6635365.0
2011-01-12,0.87,0.88,0.87,0.87,0.41,1301209.0
2011-01-13,0.87,0.88,0.87,0.87,0.41,761041.0
2011-01-14,0.87,0.89,0.87,0.88,0.42,3648421.0
2011-01-17,0.89,0.89,0.87,0.87,0.41,1629658.0
2011-01-18,0.87,0.88,0.87,0.87,0.41,338749.0
2011-01-19,0.87,0.88,0.87,0.87,0.41,4505593.0
2011-01-20,0.86,0.87,0.86,0.87,0.41,1211944.0
2011-01-21,0.87,0.87,0.87,0.87,0.41,840006.0
2011-01-24,0.87,0.87,0.87,0.87,0.41,787363.0
2011-01-25,0.87,0.87,0.87,0.87,0.41,585945.0
2011-01-26,0.87,0.87,0.87,0.87,0.41,320438.0
2011-01-27,0.87,0.87,0.87,0.87,0.41,410848.0
2011-01-28,0.87,0.87,0.86,0.86,0.41,1080335.0
2011-01-31,0.86,0.86,0.85,0.85,0.4,2151515.0
2011-02-01,0.85,0.86,0.85,0.85,0.4,1254288.0
2011-02-02,0.85,0.86,0.85,0.86,0.41,563056.0
2011-02-07,0.86,0.86,0.85,0.85,0.4,1184478.0
2011-02-08,0.85,0.85,0.85,0.85,0.4,1284043.0
2011-02-09,0.85,0.85,0.84,0.85,0.4,1369874.0
2011-02-10,0.85,0.85,0.84,0.85,0.4,1197066.0
2011-02-11,0.86,0.86,0.85,0.85,0.4,1504916.0
2011-02-14,0.85,0.86,0.85,0.85,0.4,526435.0
2011-02-15,0.85,0.86,0.85,0.85,0.4,954449.0
2011-02-16,0.86,0.86,0.85,0.85,0.4,384526.0
2011-02-17,0.85,0.85,0.85,0.85,0.4,629433.0
2011-02-18,0.86,0.86,0.85,0.85,0.4,349049.0
2011-02-21,0.85,0.85,0.85,0.85,0.4,407415.0
2011-02-22,0.85,0.85,0.84,0.84,0.4,1517505.0
2011-02-23,0.85,0.85,0.84,0.84,0.4,1491183.0
2011-02-24,0.84,0.84,0.83,0.83,0.4,336460.0
2011-02-25,0.84,0.84,0.83,0.84,0.4,742731.0
2011-02-28,0.84,0.84,0.83,0.84,0.4,288395.0
2011-03-01,0.83,0.85,0.83,0.85,0.4,415426.0
2011-03-02,0.84,0.85,0.84,0.85,0.4,241473.0
2011-03-03,0.84,0.84,0.84,0.84,0.4,635155.0
2011-03-04,0.85,0.85,0.84,0.85,0.4,267795.0
2011-03-07,0.84,0.84,0.83,0.84,0.4,748453.0
2011-03-08,0.84,0.84,0.83,0.83,0.4,1472872.0
2011-03-09,0.83,0.83,0.83,0.83,0.4,2925145.0
2011-03-10,0.83,0.84,0.83,0.83,0.4,303272.0
2011-03-11,0.83,0.83,0.83,0.83,0.4,473791.0
2011-03-14,0.83,0.83,0.82,0.83,0.39,1335542.0
2011-03-15,0.82,0.83,0.82,0.82,0.39,2438765.0
2011-03-16,0.82,0.82,0.82,0.82,0.39,1057447.0
2011-03-17,0.82,0.82,0.81,0.81,0.39,1003659.0
2011-03-18,0.82,0.82,0.82,0.82,0.39,1163878.0
2011-03-21,0.82,0.82,0.82,0.82,0.39,1738379.0
2011-03-22,0.82,0.82,0.81,0.82,0.39,4100468.0
2011-03-23,0.82,0.82,0.81,0.82,0.39,2395277.0
2011-03-24,0.82,0.82,0.82,0.82,0.39,489813.0
2011-03-25,0.82,0.83,0.82,0.83,0.39,2236203.0
2011-03-28,0.83,0.83,0.83,0.83,0.39,770197.0
2011-03-29,0.83,0.83,0.83,0.83,0.39,1495761.0
2011-03-30,0.83,0.83,0.82,0.82,0.39,4147389.0
2011-03-31,0.83,0.83,0.8,0.81,0.39,6432802.0
2011-04-01,0.81,0.82,0.81,0.81,0.39,2929723.0
2011-04-04,0.82,0.82,0.82,0.82,0.39,828562.0
2011-04-05,0.82,0.82,0.81,0.82,0.39,4214910.0
2011-04-06,0.82,0.82,0.81,0.82,0.39,1463717.0
2011-04-07,0.82,0.82,0.81,0.82,0.39,3372615.0
2011-04-08,0.82,0.82,0.81,0.82,0.39,1892876.0
2011-04-11,0.82,0.82,0.81,0.81,0.39,1705190.0
2011-04-12,0.82,0.82,0.81,0.81,0.39,803385.0
2011-04-13,0.82,0.82,0.81,0.81,0.39,733575.0
2011-04-14,0.82,0.82,0.81,0.81,0.39,1927208.0
2011-04-15,0.82,0.82,0.81,0.82,0.39,755319.0
2011-04-18,0.82,0.82,0.81,0.81,0.39,928127.0
2011-04-19,0.81,0.82,0.81,0.82,0.39,259784.0
2011-04-20,0.82,0.82,0.81,0.82,0.39,1209655.0
2011-04-21,0.82,0.82,0.81,0.81,0.39,1542682.0
2011-04-25,0.82,0.83,0.82,0.83,0.39,763330.0
2011-04-26,0.83,0.83,0.82,0.82,0.39,1010526.0
2011-04-27,0.83,0.83,0.82,0.83,0.39,1667424.0
2011-04-28,0.83,0.83,0.83,0.83,0.39,12436445.0
2011-04-29,0.83,0.83,0.83,0.83,0.39,2203014.0
2011-05-03,0.83,0.83,0.83,0.83,0.39,2204159.0
2011-05-04,0.83,0.83,0.81,0.82,0.39,7680223.0
2011-05-05,0.82,0.82,0.81,0.81,0.39,3654143.0
2011-05-06,0.82,0.82,0.82,0.82,0.39,3598066.0
2011-05-09,0.82,0.83,0.82,0.82,0.39,3265039.0
2011-05-10,0.8,0.8,0.8,0.8,0.39,2019907.0
2011-05-11,0.8,0.8,0.8,0.8,0.39,3210107.0
2011-05-12,0.8,0.8,0.79,0.8,0.39,1654836.0
2011-05-13,0.8,0.8,0.79,0.8,0.39,2180126.0
2011-05-16,0.8,0.8,0.79,0.79,0.39,1560993.0
2011-05-18,0.8,0.8,0.8,0.8,0.39,2263669.0
2011-05-19,0.8,0.8,0.8,0.8,0.39,748453.0
2011-05-20,0.8,0.8,0.8,0.8,0.39,759897.0
2011-05-23,0.8,0.8,0.79,0.79,0.39,1523227.0
2011-05-24,0.8,0.8,0.8,0.8,0.39,1042569.0
2011-05-25,0.8,0.8,0.8,0.8,0.39,1266876.0
2011-05-26,0.8,0.8,0.8,0.8,0.39,658043.0
2011-05-27,0.8,0.8,0.8,0.8,0.4,1089491.0
2011-05-30,0.8,0.81,0.8,0.81,0.4,1206222.0
2011-05-31,0.81,0.82,0.81,0.82,0.4,3681609.0
2011-06-01,0.82,0.82,0.81,0.82,0.4,1547260.0
2011-06-02,0.81,0.81,0.8,0.8,0.4,1381319.0
2011-06-03,0.81,0.81,0.8,0.81,0.4,1468295.0
2011-06-06,0.81,0.81,0.81,0.81,0.4,726709.0
2011-06-07,0.81,0.81,0.8,0.81,0.4,941860.0
2011-06-08,0.81,0.81,0.8,0.81,0.4,2172115.0
2011-06-09,0.81,0.82,0.81,0.81,0.4,748453.0
2011-06-10,0.81,0.81,0.81,0.81,0.4,799952.0
2011-06-13,0.81,0.81,0.8,0.8,0.4,2538330.0
2011-06-14,0.81,0.81,0.81,0.81,0.4,247195.0
2011-06-15,0.81,0.81,0.8,0.81,0.4,599678.0
2011-06-16,0.81,0.81,0.8,0.81,0.4,929271.0
2011-06-17,0.81,0.81,0.8,0.81,0.4,1464861.0
2011-06-20,0.81,0.81,0.81,0.81,0.4,1127257.0
2011-06-21,0.81,0.81,0.8,0.8,0.4,918972.0
2011-06-22,0.81,0.81,0.8,0.8,0.4,2251080.0
2011-06-23,0.81,0.81,0.81,0.81,0.4,485235.0
2011-06-24,0.81,0.81,0.81,0.81,0.4,274662.0
2011-06-27,0.81,0.81,0.81,0.81,0.4,743875.0
2011-06-28,0.81,0.82,0.81,0.82,0.4,1785300.0
2011-06-29,0.82,0.82,0.81,0.82,0.4,582511.0
2011-06-30,0.81,0.82,0.81,0.82,0.4,1681157.0
2011-07-01,0.82,0.82,0.81,0.82,0.4,1467150.0
2011-07-04,0.82,0.82,0.82,0.82,0.4,1462573.0
2011-07-05,0.82,0.82,0.82,0.82,0.4,789652.0
2011-07-06,0.82,0.82,0.82,0.82,0.4,822840.0
2011-07-07,0.82,0.83,0.82,0.82,0.4,1015103.0
2011-07-08,0.82,0.83,0.82,0.83,0.41,2700838.0
2011-07-11,0.83,0.83,0.82,0.82,0.4,926983.0
2011-07-12,0.82,0.82,0.82,0.82,0.4,2292279.0
2011-07-13,0.82,0.82,0.82,0.82,0.4,650032.0
2011-07-14,0.82,0.83,0.82,0.83,0.41,2158382.0
2011-07-15,0.82,0.83,0.82,0.82,0.4,4068424.0
2011-07-18,0.82,0.83,0.82,0.83,0.41,862895.0
2011-07-19,0.82,0.83,0.82,0.82,0.4,1379030.0
2011-07-20,0.83,0.83,0.82,0.83,0.41,1720068.0
2011-07-21,0.83,0.83,0.82,0.83,0.41,968182.0
2011-07-22,0.83,0.83,0.83,0.83,0.41,682076.0
2011-07-25,0.8,0.82,0.8,0.82,0.4,6199339.0
2011-07-26,0.82,0.83,0.82,0.83,0.41,1223388.0
2011-07-27,0.83,0.83,0.83,0.83,0.41,1730368.0
2011-07-28,0.83,0.83,0.83,0.83,0.41,2021051.0
2011-07-29,0.83,0.83,0.83,0.83,0.41,1155867.0
2011-08-01,0.84,0.84,0.83,0.84,0.41,2081705.0
2011-08-02,0.82,0.82,0.82,0.82,0.41,3237573.0
2011-08-03,0.82,0.82,0.81,0.81,0.41,2086283.0
2011-08-04,0.81,0.81,0.81,0.81,0.41,642021.0
2011-08-05,0.8,0.8,0.8,0.8,0.41,4720745.0
2011-08-08,0.8,0.8,0.79,0.79,0.4,5135026.0
2011-08-10,0.79,0.8,0.76,0.76,0.38,6575855.0
2011-08-11,0.76,0.76,0.73,0.76,0.38,5430287.0
2011-08-12,0.77,0.79,0.76,0.78,0.39,3046454.0
2011-08-15,0.78,0.79,0.78,0.79,0.4,603111.0
2011-08-16,0.79,0.79,0.77,0.77,0.39,2220181.0
2011-08-17,0.77,0.78,0.76,0.76,0.39,1504916.0
2011-08-18,0.77,0.77,0.76,0.76,0.39,460058.0
2011-08-19,0.75,0.76,0.75,0.75,0.38,1354997.0
2011-08-22,0.75,0.75,0.74,0.74,0.38,1242843.0
2011-08-23,0.75,0.75,0.74,0.74,0.38,1883720.0
2011-08-24,0.74,0.75,0.74,0.74,0.38,436025.0
2011-08-25,0.75,0.76,0.75,0.76,0.38,488669.0
2011-08-26,0.75,0.76,0.75,0.76,0.38,1162734.0
2011-08-29,0.76,0.78,0.76,0.77,0.39,376515.0
2011-08-31,0.78,0.79,0.78,0.79,0.4,1303498.0
2011-09-01,0.79,0.79,0.78,0.78,0.39,730142.0
2011-09-02,0.78,0.78,0.77,0.78,0.4,449758.0
2011-09-05,0.77,0.78,0.76,0.77,0.39,337605.0
2011-09-06,0.77,0.77,0.76,0.77,0.39,519568.0
2011-09-07,0.77,0.78,0.77,0.77,0.39,373082.0
2011-09-08,0.77,0.78,0.77,0.77,0.39,357060.0
2011-09-09,0.77,0.78,0.77,0.77,0.39,262073.0
2011-09-12,0.77,0.78,0.77,0.78,0.39,565345.0
2011-09-13,0.77,0.78,0.77,0.77,0.39,391393.0
2011-09-14,0.77,0.78,0.77,0.78,0.39,369649.0
2011-09-15,0.78,0.78,0.77,0.77,0.39,209429.0
2011-09-16,0.78,0.78,0.77,0.77,0.39,953304.0
2011-09-19,0.77,0.78,0.77,0.77,0.39,493246.0
2011-09-20,0.77,0.78,0.77,0.77,0.39,661476.0
2011-09-21,0.78,0.78,0.77,0.78,0.4,1218810.0
2011-09-22,0.78,0.78,0.77,0.78,0.39,714120.0
2011-09-23,0.77,0.78,0.77,0.78,0.39,991070.0
2011-09-26,0.78,0.78,0.75,0.75,0.38,1684591.0
2011-09-27,0.76,0.76,0.75,0.75,0.38,1780722.0
2011-09-28,0.76,0.76,0.75,0.76,0.38,703820.0
2011-09-29,0.75,0.76,0.75,0.75,0.38,733575.0
2011-09-30,0.76,0.76,0.75,0.75,0.38,791941.0
2011-10-03,0.76,0.76,0.75,0.75,0.38,978482.0
2011-10-04,0.75,0.75,0.74,0.75,0.38,2013040.0
2011-10-05,0.75,0.75,0.74,0.75,0.38,384526.0
2011-10-06,0.75,0.76,0.75,0.76,0.38,709542.0
2011-10-07,0.76,0.76,0.76,0.76,0.38,362782.0
2011-10-10,0.76,0.76,0.76,0.76,0.39,254062.0
2011-10-11,0.76,0.77,0.76,0.77,0.39,536734.0
2011-10-12,0.77,0.78,0.77,0.78,0.39,195696.0
2011-10-13,0.78,0.78,0.77,0.78,0.39,609977.0
2011-10-14,0.78,0.78,0.77,0.78,0.39,120164.0
2011-10-17,0.78,0.8,0.78,0.8,0.4,439458.0
2011-10-18,0.79,0.79,0.78,0.79,0.4,749597.0
2011-10-19,0.79,0.8,0.79,0.8,0.4,747308.0
2011-10-20,0.8,0.8,0.79,0.79,0.4,304417.0
2011-10-21,0.8,0.8,0.79,0.79,0.4,992215.0
2011-10-24,0.8,0.8,0.79,0.79,0.4,788507.0
2011-10-25,0.77,0.78,0.77,0.77,0.4,988781.0
2011-10-27,0.78,0.78,0.77,0.78,0.4,799952.0
2011-10-28,0.79,0.79,0.77,0.78,0.4,777063.0
2011-10-31,0.78,0.78,0.77,0.78,0.4,297550.0
2011-11-01,0.77,0.77,0.76,0.77,0.4,569923.0
2011-11-02,0.77,0.77,0.76,0.76,0.4,488669.0
2011-11-03,0.77,0.77,0.77,0.77,0.4,986493.0
2011-11-04,0.77,0.78,0.77,0.78,0.4,1226821.0
2011-11-08,0.79,0.79,0.77,0.78,0.41,899516.0
2011-11-09,0.78,0.79,0.77,0.79,0.41,1491183.0
2011-11-10,0.78,0.78,0.77,0.77,0.4,1080335.0
2011-11-11,0.78,0.78,0.77,0.77,0.4,1136412.0
2011-11-14,0.78,0.78,0.77,0.78,0.4,844584.0
2011-11-15,0.77,0.78,0.77,0.78,0.4,748453.0
2011-11-16,0.78,0.78,0.77,0.78,0.4,1084913.0
2011-11-17,0.78,0.78,0.77,0.77,0.4,814829.0
2011-11-18,0.77,0.77,0.76,0.76,0.4,571067.0
2011-11-21,0.77,0.77,0.76,0.76,0.4,753030.0
2011-11-22,0.76,0.76,0.76,0.76,0.39,837718.0
2011-11-23,0.76,0.76,0.76,0.76,0.4,720986.0
2011-11-24,0.76,0.76,0.76,0.76,0.39,859462.0
2011-11-25,0.76,0.76,0.75,0.76,0.4,1407640.0
2011-11-28,0.76,0.76,0.75,0.76,0.4,536734.0
2011-11-29,0.76,0.76,0.75,0.76,0.4,677498.0
2011-11-30,0.76,0.76,0.76,0.76,0.4,756464.0
2011-12-01,0.76,0.76,0.76,0.76,0.4,844584.0
2011-12-02,0.76,0.76,0.75,0.76,0.39,893794.0
2011-12-05,0.76,0.76,0.75,0.76,0.4,417714.0
2011-12-06,0.76,0.76,0.76,0.76,0.4,785074.0
2011-12-07,0.76,0.76,0.76,0.76,0.4,263217.0
2011-12-08,0.76,0.78,0.76,0.78,0.4,976193.0
2011-12-09,0.77,0.77,0.76,0.76,0.4,233462.0
2011-12-12,0.77,0.77,0.76,0.76,0.4,163652.0
2011-12-13,0.76,0.76,0.76,0.76,0.39,196841.0
2011-12-14,0.76,0.76,0.76,0.76,0.39,0.0
2011-12-15,0.76,0.76,0.76,0.76,0.4,262073.0
2011-12-16,0.76,0.76,0.76,0.76,0.4,611122.0
2011-12-19,0.77,0.77,0.75,0.76,0.39,555045.0
2011-12-20,0.76,0.76,0.76,0.76,0.39,219729.0
2011-12-21,0.76,0.76,0.76,0.76,0.39,160219.0
2011-12-22,0.76,0.76,0.76,0.76,0.4,257495.0
2011-12-23,0.76,0.76,0.76,0.76,0.39,70954.0
2011-12-27,0.76,0.76,0.76,0.76,0.4,84687.0
2011-12-28,0.76,0.76,0.76,0.76,0.4,128175.0
2011-12-29,0.76,0.76,0.76,0.76,0.4,67521.0
2011-12-30,0.76,0.77,0.76,0.76,0.4,165941.0
2012-01-03,0.76,0.77,0.76,0.77,0.4,202563.0
2012-01-04,0.77,0.77,0.77,0.77,0.4,152208.0
2012-01-05,0.77,0.77,0.77,0.77,0.4,82398.0
2012-01-06,0.78,0.79,0.78,0.78,0.4,627144.0
2012-01-09,0.78,0.78,0.78,0.78,0.4,1002515.0
2012-01-10,0.78,0.78,0.77,0.78,0.4,367360.0
2012-01-11,0.78,0.78,0.77,0.78,0.4,406270.0
2012-01-12,0.78,0.78,0.78,0.78,0.4,282672.0
2012-01-13,0.78,0.79,0.78,0.79,0.41,319294.0
2012-01-16,0.78,0.79,0.78,0.78,0.4,553901.0
2012-01-17,0.78,0.79,0.78,0.79,0.41,156786.0
2012-01-18,0.78,0.79,0.78,0.78,0.41,181963.0
2012-01-19,0.79,0.79,0.78,0.79,0.41,702676.0
2012-01-20,0.79,0.79,0.79,0.79,0.41,720986.0
2012-01-25,0.79,0.8,0.79,0.8,0.41,1292054.0
2012-01-26,0.8,0.8,0.8,0.8,0.42,481802.0
2012-01-27,0.8,0.8,0.8,0.8,0.41,1305787.0
2012-01-30,0.78,0.78,0.77,0.77,0.41,535590.0
2012-01-31,0.78,0.78,0.76,0.77,0.41,1310364.0
2012-02-01,0.78,0.78,0.77,0.77,0.41,763330.0
2012-02-02,0.77,0.77,0.76,0.77,0.41,933849.0
2012-02-03,0.77,0.77,0.76,0.76,0.41,786219.0
2012-02-06,0.77,0.77,0.76,0.76,0.41,1405351.0
2012-02-07,0.77,0.77,0.77,0.77,0.41,1011670.0
2012-02-08,0.78,0.78,0.77,0.78,0.42,761041.0
2012-02-09,0.78,0.78,0.77,0.77,0.41,536734.0
2012-02-10,0.78,0.79,0.78,0.79,0.42,710687.0
2012-02-13,0.79,0.79,0.79,0.79,0.42,531012.0
2012-02-14,0.79,0.8,0.79,0.8,0.43,933849.0
2012-02-15,0.8,0.8,0.79,0.8,0.43,854884.0
2012-02-16,0.8,0.8,0.79,0.79,0.42,550467.0
2012-02-17,0.79,0.8,0.79,0.8,0.43,2422743.0
2012-02-20,0.8,0.81,0.8,0.81,0.43,960171.0
2012-02-21,0.81,0.81,0.8,0.8,0.43,1594181.0
2012-02-22,0.8,0.81,0.8,0.81,0.43,720986.0
2012-02-23,0.81,0.81,0.8,0.81,0.43,1264587.0
2012-02-24,0.81,0.81,0.81,0.81,0.43,939571.0
2012-02-27,0.81,0.82,0.81,0.82,0.44,1170745.0
2012-02-28,0.82,0.82,0.81,0.81,0.43,1094068.0
2012-02-29,0.81,0.82,0.81,0.81,0.43,1199355.0
2012-03-01,0.81,0.82,0.81,0.81,0.43,1105513.0
2012-03-02,0.81,0.82,0.81,0.82,0.44,568778.0
2012-03-05,0.82,0.82,0.81,0.81,0.43,500113.0
2012-03-06,0.81,0.82,0.81,0.81,0.43,1522083.0
2012-03-07,0.81,0.81,0.81,0.81,0.43,1143279.0
2012-03-08,0.81,0.82,0.81,0.81,0.43,327305.0
2012-03-09,0.81,0.82,0.81,0.81,0.43,1060880.0
2012-03-12,0.82,0.83,0.82,0.82,0.44,2244214.0
2012-03-13,0.82,0.83,0.82,0.82,0.44,1516360.0
2012-03-14,0.83,0.83,0.83,0.83,0.44,821696.0
2012-03-15,0.83,0.83,0.83,0.83,0.44,1593037.0
2012-03-16,0.83,0.84,0.83,0.84,0.45,3179207.0
2012-03-19,0.83,0.84,0.83,0.83,0.44,1233688.0
2012-03-20,0.83,0.84,0.83,0.83,0.45,852595.0
2012-03-21,0.83,0.84,0.83,0.83,0.45,866328.0
2012-03-22,0.83,0.83,0.83,0.83,0.44,249484.0
2012-03-23,0.83,0.83,0.83,0.83,0.45,471502.0
2012-03-26,0.83,0.83,0.83,0.83,0.45,841151.0
2012-03-27,0.83,0.84,0.83,0.84,0.45,394826.0
2012-03-28,0.84,0.84,0.83,0.83,0.45,330738.0
2012-03-29,0.83,0.83,0.83,0.83,0.44,767908.0
2012-03-30,0.83,0.84,0.83,0.83,0.45,446325.0
2012-04-02,0.83,0.84,0.83,0.84,0.45,307850.0
2012-04-03,0.84,0.84,0.83,0.84,0.45,638588.0
2012-04-04,0.84,0.84,0.84,0.84,0.45,587089.0
2012-04-05,0.84,0.84,0.83,0.83,0.45,450903.0
2012-04-09,0.84,0.84,0.83,0.83,0.45,262073.0
2012-04-10,0.84,0.84,0.83,0.84,0.45,445181.0
2012-04-11,0.83,0.84,0.83,0.84,0.45,596244.0
2012-04-12,0.84,0.84,0.84,0.84,0.45,559623.0
2012-04-13,0.84,0.85,0.84,0.85,0.45,353627.0
2012-04-16,0.85,0.85,0.84,0.85,0.45,1345841.0
2012-04-17,0.85,0.85,0.84,0.84,0.45,407415.0
2012-04-18,0.85,0.85,0.85,0.85,0.46,517279.0
2012-04-19,0.85,0.85,0.85,0.85,0.46,747308.0
2012-04-20,0.86,0.86,0.85,0.85,0.46,2584107.0
2012-04-23,0.86,0.86,0.85,0.85,0.45,2499420.0
2012-04-24,0.85,0.86,0.84,0.86,0.46,1333253.0
2012-04-25,0.84,0.84,0.84,0.84,0.46,1413362.0
2012-04-26,0.84,0.84,0.83,0.83,0.46,1598759.0
2012-04-27,0.83,0.83,0.83,0.83,0.46,751886.0
2012-04-30,0.83,0.84,0.83,0.84,0.46,999081.0
2012-05-02,0.84,0.84,0.83,0.84,0.46,1476306.0
2012-05-03,0.84,0.84,0.84,0.84,0.46,584800.0
2012-05-04,0.84,0.84,0.84,0.84,0.46,692376.0
2012-05-07,0.84,0.84,0.83,0.83,0.46,699242.0
2012-05-08,0.83,0.84,0.83,0.83,0.46,374226.0
2012-05-09,0.84,0.84,0.83,0.83,0.46,560767.0
2012-05-10,0.83,0.84,0.83,0.83,0.46,740442.0
2012-05-11,0.84,0.84,0.83,0.84,0.46,1221099.0
2012-05-14,0.83,0.84,0.83,0.83,0.46,1079191.0
2012-05-15,0.83,0.84,0.83,0.83,0.46,996792.0
2012-05-16,0.83,0.84,0.83,0.83,0.46,2195003.0
2012-05-17,0.84,0.84,0.83,0.83,0.46,621422.0
2012-05-18,0.83,0.83,0.82,0.83,0.45,3363459.0
2012-05-21,0.83,0.83,0.82,0.82,0.45,1425951.0
2012-05-22,0.82,0.83,0.82,0.83,0.46,1441973.0
2012-05-23,0.83,0.83,0.83,0.83,0.46,1484317.0
2012-05-24,0.83,0.83,0.83,0.83,0.46,742731.0
2012-05-25,0.83,0.83,0.83,0.83,0.46,1151290.0
2012-05-28,0.83,0.83,0.83,0.83,0.46,205996.0
2012-05-29,0.83,0.83,0.83,0.83,0.46,292972.0
2012-05-30,0.83,0.83,0.83,0.83,0.46,317005.0
2012-05-31,0.83,0.83,0.83,0.83,0.46,1160445.0
2012-06-01,0.83,0.83,0.83,0.83,0.46,613411.0
2012-06-04,0.83,0.83,0.82,0.83,0.45,533301.0
2012-06-05,0.82,0.83,0.82,0.82,0.45,2002740.0
2012-06-06,0.82,0.83,0.82,0.83,0.45,858317.0
2012-06-07,0.83,0.83,0.83,0.83,0.45,787363.0
2012-06-08,0.83,0.83,0.82,0.82,0.45,2494842.0
2012-06-11,0.82,0.83,0.82,0.82,0.45,782785.0
2012-06-12,0.83,0.83,0.83,0.83,0.46,411992.0
2012-06-13,0.83,0.83,0.83,0.83,0.46,678643.0
2012-06-14,0.83,0.83,0.83,0.83,0.45,691231.0
2012-06-15,0.83,0.84,0.83,0.84,0.46,1254288.0
2012-06-18,0.84,0.84,0.83,0.84,0.46,1174178.0
2012-06-19,0.84,0.84,0.83,0.83,0.46,1317231.0
2012-06-20,0.84,0.84,0.83,0.84,0.46,791941.0
2012-06-21,0.84,0.84,0.84,0.84,0.46,565345.0
2012-06-22,0.84,0.85,0.84,0.85,0.47,1476306.0
2012-06-25,0.85,0.85,0.84,0.85,0.47,2146938.0
2012-06-26,0.85,0.85,0.85,0.85,0.47,1811622.0
2012-06-27,0.85,0.85,0.85,0.85,0.47,1114668.0
2012-06-28,0.86,0.86,0.85,0.85,0.47,939571.0
2012-06-29,0.85,0.86,0.85,0.85,0.47,961315.0
2012-07-02,0.86,0.86,0.86,0.86,0.47,1532382.0
2012-07-03,0.86,0.86,0.86,0.86,0.47,1215377.0
2012-07-04,0.86,0.87,0.86,0.86,0.47,1308075.0
2012-07-05,0.87,0.87,0.86,0.87,0.48,1176467.0
2012-07-06,0.87,0.87,0.86,0.87,0.48,2018762.0
2012-07-09,0.87,0.87,0.87,0.87,0.48,1455706.0
2012-07-10,0.87,0.87,0.87,0.87,0.48,1791022.0
2012-07-11,0.87,0.88,0.87,0.88,0.48,1692602.0
2012-07-12,0.88,0.88,0.88,0.88,0.48,2089716.0
2012-07-13,0.88,0.89,0.88,0.89,0.49,1519794.0
2012-07-16,0.89,0.89,0.88,0.88,0.48,1725790.0
2012-07-17,0.88,0.88,0.88,0.88,0.48,1356141.0
2012-07-18,0.88,0.89,0.88,0.88,0.48,2161815.0
2012-07-19,0.88,0.89,0.88,0.88,0.48,3806351.0
2012-07-20,0.88,0.89,0.88,0.88,0.48,2877079.0
2012-07-23,0.89,0.89,0.89,0.89,0.49,2087428.0
2012-07-24,0.87,0.89,0.87,0.89,0.49,2612718.0
2012-07-25,0.87,0.87,0.87,0.87,0.49,1585026.0
2012-07-26,0.87,0.88,0.87,0.88,0.49,1365297.0
2012-07-27,0.88,0.89,0.88,0.88,0.49,2251080.0
2012-07-30,0.88,0.88,0.88,0.88,0.49,710687.0
2012-07-31,0.88,0.88,0.88,0.88,0.5,545890.0
2012-08-01,0.88,0.88,0.88,0.88,0.5,709542.0
2012-08-02,0.88,0.88,0.88,0.88,0.5,385671.0
2012-08-03,0.88,0.88,0.88,0.88,0.5,1334397.0
2012-08-06,0.88,0.89,0.88,0.89,0.5,1289765.0
2012-08-07,0.89,0.89,0.88,0.89,0.5,910961.0
2012-08-08,0.89,0.89,0.88,0.88,0.5,2704272.0
2012-08-10,0.89,0.89,0.89,0.89,0.5,1876854.0
2012-08-13,0.89,0.9,0.89,0.9,0.51,3974581.0
2012-08-14,0.9,0.91,0.9,0.91,0.51,2674517.0
2012-08-15,0.91,0.91,0.9,0.91,0.51,1210800.0
2012-08-16,0.9,0.91,0.9,0.91,0.51,945293.0
2012-08-17,0.9,0.9,0.9,0.9,0.51,1290909.0
2012-08-21,0.9,0.9,0.9,0.9,0.51,1005948.0
2012-08-22,0.9,0.9,0.9,0.9,0.51,1930642.0
2012-08-23,0.91,0.91,0.9,0.9,0.51,2103449.0
2012-08-24,0.9,0.91,0.9,0.91,0.51,565345.0
2012-08-27,0.9,0.91,0.9,0.91,0.51,1595326.0
2012-08-28,0.91,0.91,0.9,0.91,0.51,1453417.0
2012-08-29,0.91,0.92,0.91,0.92,0.52,2370100.0
2012-08-30,0.92,0.92,0.91,0.91,0.51,917827.0
2012-08-31,0.91,0.92,0.91,0.91,0.51,930416.0
2012-09-03,0.91,0.92,0.91,0.92,0.52,1469439.0
2012-09-04,0.92,0.93,0.92,0.93,0.52,2088572.0
2012-09-05,0.93,0.94,0.92,0.94,0.53,4955352.0
2012-09-06,0.94,0.94,0.93,0.94,0.53,1112379.0
2012-09-07,0.94,0.95,0.94,0.94,0.53,2729449.0
2012-09-10,0.94,0.97,0.94,0.96,0.54,4657802.0
2012-09-11,0.97,0.97,0.95,0.97,0.55,3453869.0
2012-09-12,0.97,0.97,0.96,0.97,0.54,1841377.0
2012-09-13,0.97,0.97,0.96,0.97,0.54,1181045.0
2012-09-14,0.97,0.98,0.97,0.97,0.55,3129997.0
2012-09-17,0.97,0.98,0.97,0.97,0.55,2030206.0
2012-09-18,0.97,0.97,0.97,0.97,0.55,1052869.0
2012-09-19,0.97,0.97,0.97,0.97,0.55,838862.0
2012-09-20,0.97,0.97,0.97,0.97,0.55,1688024.0
2012-09-21,0.98,0.99,0.98,0.99,0.56,6286316.0
2012-09-24,0.99,0.99,0.98,0.99,0.56,2083994.0
2012-09-25,0.99,1.0,0.99,1.0,0.56,4472405.0
2012-09-26,1.0,1.0,0.99,0.99,0.56,690087.0
2012-09-27,0.99,1.0,0.99,1.0,0.56,2569230.0
2012-09-28,1.0,1.0,1.0,1.0,0.56,1589604.0
2012-10-01,1.0,1.0,1.0,1.0,0.56,698098.0
2012-10-02,1.0,1.0,1.0,1.0,0.56,716409.0
2012-10-03,1.0,1.0,0.99,0.99,0.56,1111235.0
2012-10-04,0.99,1.0,0.99,1.0,0.56,1575870.0
2012-10-05,1.0,1.0,0.99,1.0,0.56,2072550.0
2012-10-08,1.0,1.0,0.99,0.99,0.56,2790103.0
2012-10-09,0.99,1.0,0.99,0.99,0.56,1683446.0
2012-10-10,0.99,0.99,0.99,0.99,0.56,1610203.0
2012-10-11,0.99,0.99,0.99,0.99,0.56,980771.0
2012-10-12,0.99,0.99,0.99,0.99,0.56,1234832.0
2012-10-15,0.99,1.0,0.99,0.99,0.56,1557560.0
2012-10-16,0.99,0.99,0.99,0.99,0.56,2830158.0
2012-10-17,0.99,1.0,0.99,0.99,0.56,5993343.0
2012-10-18,0.99,0.99,0.99,0.99,0.56,4373985.0
2012-10-19,0.99,1.0,0.99,0.99,0.56,10091522.0
2012-10-22,1.0,1.0,1.0,1.0,0.57,2127482.0
2012-10-23,1.0,1.0,1.0,1.0,0.56,2786670.0
2012-10-24,0.98,0.99,0.97,0.98,0.57,1567860.0
2012-10-25,0.99,0.99,0.98,0.99,0.57,1610203.0
2012-10-29,0.99,0.99,0.97,0.98,0.56,3251306.0
2012-10-30,0.97,0.97,0.96,0.96,0.55,4139378.0
2012-10-31,0.97,0.98,0.96,0.97,0.56,2580674.0
2012-11-01,0.97,0.97,0.97,0.97,0.56,684365.0
2012-11-02,0.97,0.98,0.97,0.98,0.56,2165248.0
2012-11-05,0.98,0.99,0.98,0.98,0.57,1193633.0
2012-11-06,0.98,0.98,0.97,0.98,0.57,751886.0
2012-11-07,0.98,0.98,0.98,0.98,0.57,492102.0
2012-11-08,0.97,0.98,0.97,0.98,0.57,984204.0
2012-11-09,0.98,0.98,0.97,0.98,0.56,874339.0
2012-11-12,0.98,0.98,0.98,0.98,0.57,907527.0
2012-11-14,0.98,0.98,0.97,0.97,0.56,986493.0
2012-11-15,0.97,0.97,0.96,0.96,0.55,1597615.0
2012-11-16,0.96,0.96,0.94,0.95,0.55,2549774.0
2012-11-19,0.95,0.96,0.95,0.96,0.55,622566.0
2012-11-20,0.96,0.97,0.96,0.97,0.56,2233914.0
2012-11-21,0.97,0.97,0.96,0.97,0.56,1400774.0
2012-11-22,0.97,0.97,0.96,0.97,0.56,421148.0
2012-11-23,0.96,0.97,0.96,0.96,0.55,305561.0
2012-11-26,0.96,0.97,0.96,0.97,0.56,1074613.0
2012-11-27,0.97,0.99,0.97,0.98,0.56,1514072.0
2012-11-28,0.98,0.98,0.97,0.97,0.56,408559.0
2012-11-29,0.97,0.97,0.97,0.97,0.56,1762411.0
2012-11-30,0.97,0.99,0.97,0.97,0.56,1697179.0
2012-12-03,0.97,0.98,0.97,0.97,0.56,926983.0
2012-12-04,0.97,0.97,0.97,0.97,0.56,381093.0
2012-12-05,0.97,0.97,0.97,0.97,0.56,1081480.0
2012-12-06,0.97,0.97,0.97,0.97,0.56,1654836.0
2012-12-07,0.97,0.97,0.96,0.96,0.55,2239636.0
2012-12-10,0.97,0.97,0.97,0.97,0.56,1166167.0
2012-12-11,0.97,0.97,0.97,0.97,0.56,621422.0
2012-12-12,0.97,0.97,0.97,0.97,0.56,1159300.0
2012-12-13,0.97,0.98,0.97,0.98,0.56,1243988.0
2012-12-14,0.97,0.98,0.97,0.97,0.56,964749.0
2012-12-17,0.97,0.98,0.97,0.98,0.56,645455.0
2012-12-18,0.98,0.98,0.97,0.98,0.57,1221099.0
2012-12-19,0.98,0.99,0.98,0.99,0.57,1533527.0
2012-12-20,0.99,0.99,0.98,0.98,0.56,1318375.0
2012-12-21,0.98,0.98,0.97,0.98,0.56,880061.0
2012-12-24,0.98,0.98,0.98,0.98,0.56,304417.0
2012-12-26,0.99,0.99,0.98,0.99,0.57,621422.0
2012-12-27,0.98,0.99,0.98,0.99,0.57,559623.0
2012-12-28,0.99,1.0,0.99,0.99,0.57,1120390.0
2012-12-31,0.99,1.0,0.99,1.0,0.57,876628.0
2013-01-02,1.0,1.0,1.0,1.0,0.58,2030206.0
2013-01-03,1.0,1.01,1.0,1.0,0.58,1222244.0
2013-01-04,1.02,1.02,1.0,1.0,0.58,4499871.0
2013-01-07,1.0,1.01,1.0,1.01,0.58,1750967.0
2013-01-08,1.02,1.02,1.0,1.01,0.58,2260235.0
2013-01-09,1.01,1.01,1.0,1.01,0.58,2994955.0
2013-01-10,1.01,1.01,1.0,1.01,0.58,2562363.0
2013-01-11,1.01,1.01,1.0,1.01,0.58,1931786.0
2013-01-14,1.0,1.01,1.0,1.01,0.58,1067747.0
2013-01-15,1.0,1.01,1.0,1.01,0.58,806818.0
2013-01-16,1.01,1.01,1.0,1.0,0.58,2057673.0
2013-01-17,1.01,1.01,1.0,1.01,0.58,2360945.0
2013-01-18,1.01,1.04,1.01,1.04,0.6,7302563.0
2013-01-21,1.04,1.04,1.03,1.04,0.6,4652079.0
2013-01-22,1.03,1.04,1.03,1.03,0.6,4656657.0
2013-01-23,1.01,1.01,1.0,1.01,0.6,3390925.0
2013-01-24,1.01,1.02,1.01,1.02,0.6,2762637.0
2013-01-25,1.02,1.03,1.02,1.03,0.61,1415651.0
2013-01-28,1.03,1.03,1.03,1.03,0.61,1290909.0
2013-01-29,1.03,1.03,1.03,1.03,0.61,991070.0
2013-01-30,1.03,1.03,1.03,1.03,0.61,1150145.0
2013-01-31,1.02,1.03,1.02,1.03,0.61,2411299.0
2013-02-01,1.02,1.03,1.02,1.03,0.61,712976.0
2013-02-04,1.03,1.05,1.03,1.04,0.62,2667650.0
2013-02-05,1.04,1.07,1.04,1.07,0.63,5550452.0
2013-02-06,1.05,1.07,1.05,1.06,0.62,3317682.0
2013-02-07,1.06,1.07,1.05,1.07,0.63,1504916.0
2013-02-08,1.07,1.07,1.06,1.07,0.63,1116957.0
2013-02-13,1.07,1.08,1.07,1.07,0.64,1197066.0
2013-02-14,1.08,1.08,1.07,1.08,0.64,1403063.0
2013-02-15,1.09,1.11,1.08,1.11,0.65,3015555.0
2013-02-18,1.11,1.11,1.08,1.1,0.65,1161589.0
2013-02-19,1.1,1.11,1.09,1.1,0.65,1147856.0
2013-02-20,1.1,1.1,1.06,1.09,0.65,2500564.0
2013-02-21,1.09,1.09,1.08,1.08,0.64,1350419.0
2013-02-22,1.08,1.09,1.08,1.08,0.64,1214233.0
2013-02-25,1.07,1.08,1.07,1.08,0.64,1106657.0
2013-02-26,1.07,1.08,1.07,1.07,0.64,583656.0
2013-02-27,1.08,1.08,1.08,1.08,0.64,796518.0
2013-02-28,1.08,1.09,1.08,1.09,0.64,2804981.0
2013-03-01,1.09,1.1,1.08,1.08,0.64,1467150.0
2013-03-04,1.09,1.09,1.07,1.09,0.64,3146019.0
2013-03-05,1.09,1.09,1.08,1.08,0.64,763330.0
2013-03-06,1.09,1.09,1.08,1.09,0.65,1536960.0
2013-03-07,1.09,1.09,1.09,1.09,0.65,564201.0
2013-03-08,1.09,1.1,1.09,1.1,0.65,1485461.0
2013-03-11,1.1,1.12,1.1,1.12,0.66,1629658.0
2013-03-12,1.11,1.11,1.11,1.11,0.66,534446.0
2013-03-13,1.11,1.11,1.11,1.11,0.66,481802.0
2013-03-14,1.11,1.11,1.11,1.11,0.66,492102.0
2013-03-15,1.11,1.11,1.11,1.11,0.66,1103224.0
2013-03-18,1.11,1.11,1.1,1.11,0.65,1448840.0
2013-03-19,1.11,1.11,1.1,1.1,0.65,941860.0
2013-03-20,1.1,1.1,1.09,1.09,0.65,1999307.0
2013-03-21,1.09,1.11,1.09,1.11,0.66,2159526.0
2013-03-22,1.1,1.1,1.09,1.1,0.65,1809333.0
2013-03-25,1.1,1.11,1.1,1.1,0.65,959026.0
2013-03-26,1.1,1.11,1.1,1.1,0.65,557334.0
2013-03-27,1.1,1.11,1.1,1.11,0.65,1831077.0
2013-03-28,1.11,1.11,1.1,1.11,0.65,2054239.0
2013-04-01,1.11,1.12,1.11,1.12,0.66,591667.0
2013-04-02,1.12,1.13,1.11,1.13,0.67,2515442.0
2013-04-03,1.13,1.13,1.13,1.13,0.67,1532382.0
2013-04-04,1.14,1.14,1.13,1.14,0.67,2332334.0
2013-04-05,1.14,1.14,1.13,1.14,0.67,1570148.0
2013-04-08,1.14,1.14,1.13,1.13,0.67,1388185.0
2013-04-09,1.14,1.14,1.13,1.14,0.67,2224758.0
2013-04-10,1.14,1.14,1.14,1.14,0.67,3159752.0
2013-04-11,1.14,1.16,1.14,1.15,0.68,3349726.0
2013-04-12,1.15,1.16,1.15,1.16,0.68,1417940.0
2013-04-15,1.16,1.17,1.16,1.17,0.69,2473098.0
2013-04-16,1.16,1.17,1.15,1.17,0.69,1348130.0
2013-04-17,1.17,1.18,1.17,1.18,0.69,1575870.0
2013-04-18,1.18,1.18,1.17,1.18,0.69,2378111.0
2013-04-19,1.18,1.2,1.18,1.2,0.71,4214910.0
2013-04-22,1.2,1.21,1.2,1.21,0.71,1853965.0
2013-04-23,1.21,1.21,1.19,1.21,0.71,2565796.0
2013-04-24,1.19,1.19,1.18,1.18,0.71,3150597.0
2013-04-25,1.18,1.18,1.16,1.17,0.71,2834736.0
2013-04-26,1.17,1.18,1.17,1.18,0.71,2364378.0
2013-04-29,1.18,1.2,1.18,1.19,0.72,2429610.0
2013-04-30,1.19,1.2,1.19,1.19,0.72,1319520.0
2013-05-02,1.19,1.19,1.18,1.19,0.72,1416796.0
2013-05-03,1.18,1.19,1.18,1.18,0.71,1495761.0
2013-05-06,1.18,1.19,1.18,1.18,0.71,1026547.0
2013-05-07,1.18,1.18,1.17,1.17,0.71,3945971.0
2013-05-08,1.17,1.18,1.17,1.17,0.71,1002515.0
2013-05-09,1.17,1.18,1.17,1.18,0.71,1460284.0
2013-05-10,1.17,1.18,1.17,1.18,0.71,1121535.0
2013-05-13,1.17,1.18,1.17,1.17,0.71,1486605.0
2013-05-14,1.17,1.18,1.17,1.18,0.71,2823292.0
2013-05-15,1.18,1.18,1.17,1.18,0.71,1018536.0
2013-05-16,1.18,1.18,1.17,1.18,0.71,1959252.0
2013-05-17,1.18,1.19,1.17,1.18,0.71,1237121.0
2013-05-20,1.18,1.18,1.18,1.18,0.71,1395052.0
2013-05-21,1.18,1.18,1.17,1.18,0.71,1285187.0
2013-05-22,1.17,1.18,1.17,1.18,0.71,398259.0
2013-05-23,1.18,1.18,1.09,1.12,0.68,12707673.0
2013-05-27,1.12,1.14,1.12,1.14,0.68,2344923.0
2013-05-28,1.14,1.16,1.14,1.15,0.7,1691457.0
2013-05-29,1.16,1.16,1.11,1.11,0.67,3450435.0
2013-05-30,1.11,1.11,1.06,1.08,0.65,10176209.0
2013-05-31,1.08,1.08,1.07,1.07,0.64,4538782.0
2013-06-03,1.06,1.07,1.06,1.06,0.64,3386348.0
2013-06-04,1.06,1.1,1.06,1.09,0.66,5089249.0
2013-06-05,1.09,1.09,1.07,1.07,0.65,1000226.0
2013-06-06,1.07,1.07,1.06,1.07,0.64,1447695.0
2013-06-07,1.07,1.07,1.06,1.06,0.64,1443117.0
2013-06-10,1.07,1.07,1.06,1.06,0.64,1845954.0
2013-06-11,1.06,1.07,1.02,1.03,0.62,6240539.0
2013-06-12,1.02,1.02,0.99,1.01,0.61,8681593.0
2013-06-13,0.99,1.0,0.97,0.97,0.59,7173243.0
2013-06-14,0.99,1.0,0.99,0.99,0.6,4725323.0
2013-06-17,0.99,1.01,0.99,1.0,0.61,3013266.0
2013-06-18,1.01,1.04,1.01,1.04,0.63,3310816.0
2013-06-19,1.04,1.05,1.03,1.04,0.62,2495987.0
2013-06-20,1.01,1.01,1.0,1.01,0.61,3836106.0
2013-06-21,0.98,1.01,0.98,1.01,0.61,1788733.0
2013-06-24,1.01,1.01,0.98,0.99,0.6,2098872.0
2013-06-25,0.99,1.0,0.97,1.0,0.6,2188137.0
2013-06-26,1.0,1.01,1.0,1.0,0.61,1268021.0
2013-06-27,1.01,1.03,1.01,1.01,0.61,2500564.0
2013-06-28,1.02,1.02,1.01,1.01,0.61,1692602.0
2013-07-01,1.01,1.02,1.01,1.02,0.61,735864.0
2013-07-02,1.02,1.04,1.02,1.04,0.63,1295487.0
2013-07-03,1.04,1.04,1.02,1.02,0.62,1488894.0
2013-07-04,1.02,1.04,1.02,1.03,0.62,894939.0
2013-07-05,1.04,1.04,1.03,1.03,0.62,823985.0
2013-07-08,1.04,1.04,1.02,1.02,0.61,2334623.0
2013-07-09,1.02,1.03,1.02,1.02,0.62,991070.0
2013-07-10,1.03,1.03,1.02,1.03,0.62,528723.0
2013-07-11,1.03,1.04,1.03,1.04,0.63,2659639.0
2013-07-12,1.05,1.06,1.04,1.05,0.63,2855335.0
2013-07-15,1.06,1.07,1.05,1.05,0.63,2356367.0
2013-07-16,1.05,1.06,1.05,1.06,0.64,624855.0
2013-07-17,1.06,1.06,1.05,1.06,0.64,524146.0
2013-07-18,1.07,1.07,1.06,1.06,0.64,1407640.0
2013-07-19,1.07,1.07,1.05,1.06,0.64,1325242.0
2013-07-22,1.06,1.06,1.05,1.06,0.64,1023114.0
2013-07-23,1.04,1.05,1.04,1.04,0.64,1352708.0
2013-07-24,1.04,1.04,1.03,1.04,0.64,488669.0
2013-07-25,1.04,1.04,1.03,1.03,0.63,1266876.0
2013-07-26,1.03,1.04,1.03,1.03,0.64,858317.0
2013-07-29,1.03,1.03,1.02,1.02,0.63,659188.0
2013-07-30,1.04,1.04,1.02,1.03,0.63,805674.0
2013-07-31,1.03,1.03,1.01,1.02,0.63,2676805.0
2013-08-01,1.02,1.03,1.01,1.02,0.63,1423662.0
2013-08-02,1.03,1.03,1.01,1.01,0.62,2608140.0
2013-08-05,1.01,1.01,0.99,0.99,0.61,3440136.0
2013-08-06,0.99,1.0,0.99,0.99,0.61,1319520.0
2013-08-07,0.99,1.0,0.99,1.0,0.61,674065.0
2013-08-12,0.99,1.0,0.99,1.0,0.62,952160.0
2013-08-13,1.0,1.0,0.99,0.99,0.61,763330.0
2013-08-14,1.0,1.0,0.99,0.99,0.61,625999.0
2013-08-15,0.99,0.99,0.99,0.99,0.61,676354.0
2013-08-16,0.99,1.0,0.99,1.0,0.62,2095439.0
2013-08-19,0.99,1.0,0.99,0.99,0.61,1194778.0
2013-08-20,0.99,0.99,0.98,0.99,0.61,4647502.0
2013-08-21,0.99,1.0,0.99,0.99,0.61,1096357.0
2013-08-22,0.99,1.0,0.99,0.99,0.61,1877998.0
2013-08-23,0.98,1.0,0.98,0.99,0.61,1454562.0
2013-08-26,0.99,1.0,0.99,0.99,0.61,392537.0
2013-08-27,1.0,1.0,0.98,0.98,0.61,1599903.0
2013-08-28,0.99,0.99,0.95,0.96,0.59,3398936.0
2013-08-29,0.96,0.97,0.96,0.96,0.59,1013959.0
2013-08-30,0.96,0.97,0.96,0.97,0.6,1010526.0
2013-09-02,0.96,0.97,0.96,0.97,0.6,884639.0
2013-09-03,0.98,1.0,0.98,1.0,0.61,1194778.0
2013-09-04,1.0,1.0,0.98,0.99,0.61,1265732.0
2013-09-05,0.99,1.01,0.99,1.0,0.61,1730368.0
2013-09-06,1.0,1.0,0.99,1.0,0.61,574500.0
2013-09-09,1.0,1.0,0.98,0.99,0.61,1313798.0
2013-09-10,0.99,0.99,0.98,0.98,0.61,965893.0
2013-09-11,0.99,0.99,0.98,0.98,0.61,623711.0
2013-09-12,0.99,0.99,0.98,0.98,0.61,409703.0
2013-09-13,0.94,0.95,0.92,0.94,0.58,12094262.0
2013-09-16,0.95,0.97,0.94,0.97,0.6,3574033.0
2013-09-17,0.96,0.97,0.96,0.97,0.6,1700613.0
2013-09-18,0.97,0.97,0.93,0.96,0.59,3995181.0
2013-09-19,0.95,0.96,0.93,0.96,0.6,9228627.0
2013-09-20,0.96,0.96,0.95,0.95,0.6,2046228.0
2013-09-23,0.95,0.95,0.94,0.95,0.6,978482.0
2013-09-24,0.95,0.95,0.94,0.94,0.6,1382463.0
2013-09-25,0.94,0.94,0.93,0.94,0.59,2056528.0
2013-09-26,0.94,0.94,0.93,0.94,0.59,890361.0
2013-09-27,0.94,0.95,0.94,0.94,0.6,934994.0
2013-09-30,0.94,0.94,0.93,0.94,0.59,2660783.0
2013-10-01,0.93,0.94,0.93,0.94,0.59,643166.0
2013-10-02,0.94,0.94,0.93,0.93,0.59,851451.0
2013-10-03,0.94,0.94,0.93,0.94,0.59,766763.0
2013-10-04,0.94,0.94,0.93,0.93,0.59,787363.0
2013-10-07,0.94,0.94,0.93,0.93,0.59,1859687.0
2013-10-08,0.94,0.94,0.93,0.94,0.6,1108946.0
2013-10-09,0.94,0.95,0.94,0.94,0.59,795374.0
2013-10-10,0.94,0.96,0.94,0.96,0.6,2604707.0
2013-10-11,0.96,0.97,0.96,0.97,0.61,2261380.0
2013-10-14,0.97,0.97,0.97,0.97,0.61,2744326.0
2013-10-16,0.97,0.97,0.95,0.95,0.6,1269165.0
2013-10-17,0.96,0.96,0.96,0.96,0.61,1205077.0
2013-10-18,0.96,0.96,0.96,0.96,0.6,1501483.0
2013-10-21,0.96,0.96,0.96,0.96,0.61,1869987.0
2013-10-22,0.96,0.96,0.96,0.96,0.6,1469439.0
2013-10-23,0.95,0.96,0.95,0.95,0.6,1095213.0
2013-10-24,0.95,0.96,0.95,0.95,0.6,441747.0
2013-10-25,0.96,0.96,0.94,0.94,0.6,2085139.0
2013-10-28,0.95,0.95,0.94,0.94,0.59,1239410.0
2013-10-29,0.94,0.95,0.94,0.94,0.6,234607.0
2013-10-30,0.95,0.96,0.95,0.96,0.61,1163878.0
2013-10-31,0.96,0.96,0.95,0.95,0.6,1436251.0
2013-11-01,0.95,0.96,0.95,0.96,0.61,717553.0
2013-11-05,0.96,0.96,0.96,0.96,0.61,512702.0
2013-11-06,0.96,0.96,0.95,0.95,0.6,1091780.0
2013-11-07,0.95,0.96,0.95,0.95,0.6,299839.0
2013-11-08,0.95,0.96,0.95,0.96,0.61,290683.0
2013-11-11,0.96,0.96,0.95,0.95,0.6,250629.0
2013-11-12,0.95,0.95,0.94,0.95,0.6,810251.0
2013-11-13,0.96,0.96,0.95,0.96,0.61,2410155.0
2013-11-14,0.95,0.96,0.95,0.95,0.6,1437395.0
2013-11-15,0.95,0.95,0.95,0.95,0.6,1108946.0
2013-11-18,0.95,0.95,0.94,0.94,0.6,1456850.0
2013-11-19,0.95,0.95,0.95,0.95,0.6,267795.0
2013-11-20,0.95,0.95,0.94,0.94,0.6,599678.0
2013-11-21,0.95,0.95,0.94,0.95,0.6,336460.0
2013-11-22,0.95,0.95,0.95,0.95,0.6,242618.0
2013-11-25,0.95,0.95,0.94,0.94,0.6,433736.0
2013-11-26,0.95,0.95,0.95,0.95,0.6,1098646.0
2013-11-27,0.95,0.95,0.95,0.95,0.6,86976.0
2013-11-28,0.95,0.96,0.95,0.95,0.6,565345.0
2013-11-29,0.95,0.95,0.95,0.95,0.6,219729.0
2013-12-02,0.95,0.95,0.94,0.94,0.6,664910.0
2013-12-03,0.95,0.95,0.94,0.94,0.6,461202.0
2013-12-04,0.95,0.95,0.94,0.94,0.6,1151290.0
2013-12-05,0.94,0.94,0.92,0.93,0.59,2896535.0
2013-12-06,0.93,0.93,0.9,0.9,0.57,6171873.0
2013-12-09,0.9,0.92,0.9,0.91,0.58,1016248.0
2013-12-10,0.91,0.91,0.9,0.9,0.57,1098646.0
2013-12-11,0.91,0.91,0.89,0.9,0.57,2334623.0
2013-12-12,0.9,0.9,0.9,0.9,0.57,603111.0
2013-12-13,0.9,0.91,0.9,0.9,0.57,557334.0
2013-12-16,0.9,0.91,0.9,0.91,0.57,1130690.0
2013-12-17,0.91,0.91,0.91,0.91,0.57,967037.0
2013-12-18,0.91,0.92,0.91,0.91,0.58,1025403.0
2013-12-19,0.91,0.92,0.91,0.91,0.57,1950097.0
2013-12-20,0.91,0.92,0.91,0.92,0.58,1539249.0
2013-12-23,0.92,0.93,0.92,0.92,0.58,291828.0
2013-12-24,0.93,0.93,0.93,0.93,0.59,228885.0
2013-12-26,0.93,0.94,0.93,0.94,0.59,608833.0
2013-12-27,0.94,0.94,0.94,0.94,0.59,821696.0
2013-12-30,0.94,0.94,0.93,0.93,0.59,579078.0
2013-12-31,0.94,0.94,0.94,0.94,0.6,241473.0
2014-01-02,0.94,0.94,0.93,0.94,0.6,860606.0
2014-01-03,0.94,0.94,0.93,0.94,0.59,549323.0
2014-01-06,0.94,0.94,0.93,0.93,0.59,884639.0
2014-01-07,0.93,0.94,0.93,0.94,0.59,418859.0
2014-01-08,0.93,0.94,0.93,0.93,0.59,225451.0
2014-01-09,0.93,0.93,0.93,0.93,0.59,979626.0
2014-01-10,0.93,0.94,0.93,0.93,0.59,510413.0
2014-01-13,0.93,0.94,0.93,0.93,0.59,581367.0
2014-01-14,0.93,0.94,0.93,0.93,0.59,662621.0
2014-01-15,0.94,0.94,0.93,0.94,0.59,339894.0
2014-01-16,0.93,0.94,0.93,0.94,0.59,653466.0
2014-01-17,0.93,0.94,0.93,0.93,0.59,1024259.0
2014-01-20,0.93,0.94,0.93,0.93,0.59,902950.0
2014-01-21,0.93,0.94,0.93,0.94,0.59,1261154.0
2014-01-22,0.94,0.94,0.93,0.93,0.59,988781.0
2014-01-23,0.93,0.94,0.92,0.94,0.59,5640861.0
2014-01-24,0.94,0.94,0.93,0.94,0.59,661476.0
2014-01-27,0.93,0.94,0.93,0.93,0.59,2003885.0
2014-01-28,0.93,0.94,0.93,0.93,0.59,1804755.0
2014-01-29,0.92,0.93,0.91,0.93,0.6,3452724.0
2014-01-30,0.93,0.93,0.93,0.93,0.6,3083076.0
2014-02-03,0.92,0.93,0.92,0.92,0.6,2085139.0
2014-02-04,0.92,0.92,0.91,0.91,0.59,1779578.0
2014-02-05,0.91,0.92,0.91,0.91,0.59,525290.0
2014-02-06,0.91,0.92,0.91,0.92,0.59,210574.0
2014-02-07,0.92,0.92,0.9,0.9,0.59,3172341.0
2014-02-10,0.91,0.91,0.88,0.89,0.58,5305545.0
2014-02-11,0.89,0.89,0.89,0.89,0.58,1304642.0
2014-02-12,0.89,0.9,0.89,0.89,0.58,3226128.0
2014-02-13,0.89,0.89,0.89,0.89,0.57,1678869.0
2014-02-14,0.89,0.89,0.89,0.89,0.57,1317231.0
2014-02-17,0.89,0.9,0.89,0.89,0.58,2400999.0
2014-02-18,0.89,0.9,0.89,0.9,0.58,3790329.0
2014-02-19,0.9,0.9,0.89,0.9,0.58,3238717.0
2014-02-20,0.9,0.9,0.89,0.89,0.58,1603337.0
2014-02-21,0.9,0.9,0.89,0.9,0.58,2692827.0
2014-02-24,0.9,0.9,0.9,0.9,0.58,779352.0
2014-02-25,0.9,0.9,0.89,0.89,0.58,1217666.0
2014-02-26,0.89,0.9,0.89,0.89,0.58,1499194.0
2014-02-27,0.9,0.9,0.89,0.89,0.58,790796.0
2014-02-28,0.9,0.9,0.89,0.9,0.58,1215377.0
2014-03-03,0.89,0.9,0.89,0.89,0.58,2101161.0
2014-03-04,0.89,0.9,0.89,0.9,0.58,1992440.0
2014-03-05,0.9,0.9,0.89,0.9,0.58,3404658.0
2014-03-06,0.9,0.9,0.88,0.89,0.58,7007302.0
2014-03-07,0.89,0.89,0.88,0.89,0.57,3726241.0
2014-03-10,0.88,0.88,0.88,0.88,0.57,3950548.0
2014-03-11,0.88,0.89,0.88,0.88,0.57,746164.0
2014-03-12,0.88,0.89,0.88,0.88,0.57,718698.0
2014-03-13,0.88,0.89,0.88,0.89,0.57,430303.0
2014-03-14,0.88,0.89,0.88,0.89,0.57,390248.0
2014-03-17,0.88,0.89,0.88,0.89,0.58,788507.0
2014-03-18,0.89,0.89,0.89,0.89,0.58,482947.0
2014-03-19,0.89,0.89,0.89,0.89,0.57,611122.0
2014-03-20,0.89,0.89,0.88,0.89,0.57,845729.0
2014-03-21,0.89,0.89,0.88,0.89,0.58,669487.0
2014-03-24,0.89,0.89,0.88,0.89,0.57,724420.0
2014-03-25,0.89,0.89,0.89,0.89,0.57,495535.0
2014-03-26,0.89,0.9,0.89,0.89,0.58,976193.0
2014-03-27,0.9,0.9,0.89,0.9,0.58,202563.0
2014-03-28,0.9,0.9,0.9,0.9,0.58,996792.0
2014-03-31,0.9,0.9,0.9,0.9,0.58,791941.0
2014-04-01,0.9,0.9,0.9,0.9,0.59,877772.0
2014-04-02,0.9,0.91,0.9,0.91,0.59,1610203.0
2014-04-03,0.91,0.92,0.91,0.92,0.59,1067747.0
2014-04-04,0.92,0.92,0.91,0.91,0.59,1243988.0
2014-04-07,0.92,0.92,0.91,0.91,0.59,358204.0
2014-04-08,0.91,0.93,0.91,0.92,0.6,1365297.0
2014-04-09,0.93,0.93,0.92,0.92,0.6,270084.0
2014-04-10,0.93,0.93,0.93,0.93,0.6,1134123.0
2014-04-11,0.93,0.93,0.93,0.93,0.61,1270310.0
2014-04-14,0.93,0.95,0.93,0.94,0.61,1659413.0
2014-04-15,0.94,0.95,0.94,0.94,0.61,1111235.0
2014-04-16,0.94,0.95,0.94,0.95,0.61,1122679.0
2014-04-17,0.91,0.92,0.9,0.91,0.59,14903821.0
2014-04-21,0.91,0.91,0.9,0.9,0.59,6701741.0
2014-04-22,0.9,0.91,0.9,0.91,0.59,3850983.0
2014-04-23,0.9,0.9,0.89,0.89,0.59,3178063.0
2014-04-24,0.89,0.9,0.89,0.9,0.59,926983.0
2014-04-25,0.89,0.9,0.89,0.89,0.59,1205077.0
2014-04-28,0.89,0.9,0.89,0.9,0.6,2142360.0
2014-04-29,0.9,0.9,0.9,0.9,0.59,1046003.0
2014-04-30,0.9,0.9,0.9,0.9,0.59,2177837.0
2014-05-02,0.9,0.9,0.9,0.9,0.6,1758978.0
2014-05-05,0.9,0.91,0.9,0.9,0.6,1653691.0
2014-05-06,0.9,0.91,0.9,0.9,0.6,3894471.0
2014-05-07,0.9,0.91,0.9,0.9,0.6,2533753.0
2014-05-08,0.91,0.91,0.91,0.91,0.6,719842.0
2014-05-09,0.91,0.91,0.91,0.91,0.6,615700.0
2014-05-12,0.91,0.92,0.91,0.91,0.6,2750048.0
2014-05-14,0.91,0.92,0.91,0.92,0.61,1161589.0
2014-05-15,0.92,0.92,0.91,0.92,0.61,872050.0
2014-05-16,0.92,0.92,0.92,0.92,0.61,1797889.0
2014-05-19,0.92,0.93,0.92,0.93,0.61,2812992.0
2014-05-20,0.93,0.93,0.93,0.93,0.61,1036847.0
2014-05-21,0.93,0.93,0.93,0.93,0.62,2520019.0
2014-05-22,0.93,0.93,0.93,0.93,0.61,244907.0
2014-05-23,0.93,0.93,0.93,0.93,0.61,461202.0
2014-05-26,0.93,0.93,0.93,0.93,0.62,196841.0
2014-05-27,0.93,0.93,0.92,0.92,0.61,1365297.0
2014-05-28,0.92,0.93,0.92,0.93,0.61,2133204.0
2014-05-29,0.93,0.93,0.92,0.93,0.61,635155.0
2014-05-30,0.93,0.93,0.93,0.93,0.61,1693746.0
2014-06-02,0.93,0.93,0.92,0.93,0.61,596244.0
2014-06-03,0.93,0.93,0.92,0.92,0.61,117876.0
2014-06-04,0.92,0.93,0.92,0.92,0.61,888072.0
2014-06-05,0.92,0.93,0.92,0.92,0.61,413137.0
2014-06-06,0.92,0.93,0.92,0.93,0.61,604255.0
2014-06-09,0.93,0.93,0.92,0.93,0.61,146486.0
2014-06-10,0.93,0.93,0.92,0.92,0.61,582511.0
2014-06-11,0.93,0.93,0.92,0.92,0.61,625999.0
2014-06-12,0.92,0.92,0.92,0.92,0.61,622566.0
2014-06-13,0.92,0.92,0.91,0.92,0.61,505835.0
2014-06-16,0.92,0.92,0.92,0.92,0.61,224307.0
2014-06-17,0.92,0.92,0.91,0.92,0.61,1081480.0
2014-06-18,0.91,0.92,0.91,0.92,0.61,353627.0
2014-06-19,0.92,0.92,0.91,0.92,0.61,228885.0
2014-06-20,0.92,0.93,0.91,0.93,0.61,905239.0
2014-06-23,0.93,0.93,0.92,0.93,0.61,986493.0
2014-06-24,0.93,0.93,0.92,0.92,0.61,1084913.0
2014-06-25,0.92,0.92,0.91,0.91,0.6,1138701.0
2014-06-26,0.92,0.92,0.91,0.92,0.61,725564.0
2014-06-27,0.92,0.92,0.91,0.91,0.6,1201644.0
2014-06-30,0.92,0.92,0.91,0.91,0.6,907527.0
2014-07-01,0.92,0.92,0.91,0.92,0.61,693520.0
2014-07-02,0.92,0.92,0.91,0.91,0.6,780496.0
2014-07-03,0.91,0.92,0.91,0.91,0.6,1248565.0
2014-07-04,0.92,0.92,0.91,0.92,0.61,1024259.0
2014-07-07,0.92,0.92,0.91,0.91,0.6,830851.0
2014-07-08,0.91,0.91,0.91,0.91,0.6,1556415.0
2014-07-09,0.91,0.92,0.91,0.91,0.6,402837.0
2014-07-10,0.91,0.92,0.91,0.92,0.61,857173.0
2014-07-11,0.91,0.92,0.91,0.91,0.6,478369.0
2014-07-14,0.92,0.92,0.91,0.92,0.61,1100935.0
2014-07-15,0.91,0.92,0.91,0.92,0.61,920116.0
2014-07-16,0.92,0.92,0.91,0.91,0.6,502402.0
2014-07-17,0.91,0.92,0.91,0.91,0.6,3173485.0
2014-07-18,0.91,0.91,0.9,0.91,0.6,2169826.0
2014-07-21,0.91,0.92,0.91,0.92,0.61,3158607.0
2014-07-22,0.9,0.9,0.9,0.9,0.61,1308075.0
2014-07-23,0.9,0.9,0.9,0.9,0.6,1231399.0
2014-07-24,0.9,0.9,0.9,0.9,0.6,1776144.0
2014-07-25,0.9,0.9,0.9,0.9,0.61,568778.0
2014-07-29,0.9,0.9,0.9,0.9,0.6,248340.0
2014-07-30,0.9,0.9,0.9,0.9,0.61,670632.0
2014-07-31,0.9,0.9,0.9,0.9,0.61,565345.0
2014-08-01,0.9,0.9,0.89,0.9,0.61,2121760.0
2014-08-04,0.9,0.9,0.9,0.9,0.6,948727.0
2014-08-05,0.9,0.9,0.9,0.9,0.6,856028.0
2014-08-06,0.9,0.9,0.89,0.89,0.6,1367585.0
2014-08-07,0.89,0.9,0.89,0.9,0.6,548179.0
2014-08-08,0.9,0.9,0.89,0.89,0.6,580222.0
2014-08-11,0.89,0.89,0.88,0.89,0.6,794230.0
2014-08-12,0.89,0.89,0.89,0.89,0.6,341038.0
2014-08-13,0.89,0.89,0.89,0.89,0.6,328449.0
2014-08-14,0.89,0.89,0.89,0.89,0.6,420003.0
2014-08-15,0.89,0.89,0.89,0.89,0.6,255206.0
2014-08-18,0.89,0.89,0.89,0.89,0.6,592811.0
2014-08-19,0.89,0.89,0.89,0.89,0.6,203707.0
2014-08-20,0.89,0.89,0.89,0.89,0.6,866328.0
2014-08-21,0.89,0.89,0.89,0.89,0.6,510413.0
2014-08-22,0.89,0.89,0.89,0.89,0.6,362782.0
2014-08-25,0.89,0.9,0.89,0.89,0.6,809107.0
2014-08-26,0.89,0.89,0.89,0.89,0.6,596244.0
2014-08-27,0.89,0.89,0.88,0.88,0.6,4811154.0
2014-08-28,0.88,0.89,0.88,0.88,0.6,2186992.0
2014-08-29,0.89,0.89,0.87,0.88,0.59,3398936.0
2014-09-01,0.88,0.88,0.87,0.88,0.59,1176467.0
2014-09-02,0.88,0.88,0.87,0.88,0.6,953304.0
2014-09-03,0.88,0.9,0.88,0.89,0.6,2745471.0
2014-09-04,0.89,0.9,0.89,0.89,0.6,1324097.0
2014-09-05,0.89,0.9,0.89,0.89,0.6,1491183.0
2014-09-08,0.89,0.9,0.89,0.9,0.6,138475.0
2014-09-09,0.9,0.9,0.89,0.89,0.6,425725.0
2014-09-10,0.89,0.9,0.89,0.89,0.6,606544.0
2014-09-11,0.89,0.9,0.89,0.89,0.6,1820777.0
2014-09-12,0.89,0.9,0.89,0.9,0.6,252917.0
2014-09-15,0.9,0.9,0.89,0.9,0.6,1498050.0
2014-09-16,0.89,0.9,0.89,0.89,0.6,1430529.0
2014-09-17,0.89,0.9,0.89,0.9,0.6,1050580.0
2014-09-18,0.89,0.9,0.89,0.89,0.6,1859687.0
2014-09-19,0.89,0.9,0.89,0.9,0.6,549323.0
2014-09-22,0.89,0.9,0.88,0.88,0.6,1706335.0
2014-09-23,0.88,0.89,0.88,0.88,0.6,3361170.0
2014-09-24,0.88,0.89,0.87,0.88,0.6,3515667.0
2014-09-25,0.87,0.89,0.87,0.88,0.6,1780722.0
2014-09-26,0.88,0.89,0.88,0.89,0.6,248340.0
2014-09-29,0.89,0.89,0.88,0.89,0.6,231173.0
2014-09-30,0.89,0.89,0.88,0.88,0.6,632866.0
2014-10-01,0.88,0.89,0.88,0.89,0.6,1356141.0
2014-10-02,0.89,0.89,0.88,0.89,0.6,607689.0
2014-10-03,0.88,0.89,0.88,0.88,0.6,487524.0
2014-10-07,0.88,0.89,0.88,0.88,0.6,418859.0
2014-10-08,0.89,0.89,0.88,0.89,0.6,2221325.0
2014-10-09,0.88,0.89,0.88,0.89,0.6,241473.0
2014-10-10,0.88,0.89,0.88,0.88,0.59,589378.0
2014-10-13,0.88,0.88,0.88,0.88,0.59,227740.0
2014-10-14,0.88,0.88,0.87,0.87,0.59,748453.0
2014-10-15,0.87,0.88,0.87,0.87,0.59,3460735.0
2014-10-16,0.87,0.88,0.87,0.87,0.59,1313798.0
2014-10-17,0.87,0.88,0.87,0.88,0.59,1433962.0
2014-10-20,0.87,0.88,0.87,0.88,0.6,1538105.0
2014-10-21,0.87,0.87,0.87,0.87,0.6,757608.0
2014-10-22,0.87,0.87,0.87,0.87,0.6,0.0
2014-10-24,0.87,0.87,0.87,0.87,0.6,375371.0
2014-10-27,0.87,0.87,0.87,0.87,0.6,571067.0
2014-10-28,0.87,0.87,0.87,0.87,0.6,627144.0
2014-10-29,0.87,0.87,0.87,0.87,0.6,323872.0
2014-10-30,0.87,0.87,0.87,0.87,0.6,557334.0
2014-10-31,0.87,0.87,0.87,0.87,0.6,803385.0
2014-11-03,0.87,0.87,0.87,0.87,0.6,1517505.0
2014-11-04,0.87,0.87,0.87,0.87,0.6,778208.0
2014-11-05,0.87,0.87,0.86,0.86,0.59,1195922.0
2014-11-06,0.86,0.87,0.86,0.86,0.59,1578159.0
2014-11-07,0.86,0.86,0.85,0.85,0.59,1541538.0
2014-11-10,0.85,0.86,0.85,0.85,0.59,2425032.0
2014-11-11,0.85,0.85,0.84,0.84,0.58,988781.0
2014-11-12,0.84,0.85,0.84,0.85,0.58,398259.0
2014-11-13,0.85,0.85,0.84,0.85,0.58,648888.0
2014-11-14,0.84,0.85,0.84,0.85,0.59,541312.0
2014-11-17,0.85,0.85,0.84,0.85,0.59,640877.0
2014-11-18,0.85,0.85,0.85,0.85,0.59,946438.0
2014-11-19,0.86,0.86,0.85,0.85,0.59,680932.0
2014-11-20,0.85,0.85,0.85,0.85,0.58,416570.0
2014-11-21,0.84,0.85,0.84,0.85,0.58,283817.0
2014-11-24,0.85,0.85,0.85,0.85,0.59,643166.0
2014-11-25,0.85,0.85,0.84,0.84,0.58,1233688.0
2014-11-26,0.84,0.85,0.84,0.84,0.58,265506.0
2014-11-27,0.84,0.85,0.84,0.84,0.58,417714.0
2014-11-28,0.84,0.85,0.84,0.84,0.58,338749.0
2014-12-01,0.84,0.84,0.84,0.84,0.58,330738.0
2014-12-02,0.84,0.84,0.84,0.84,0.58,793085.0
2014-12-03,0.84,0.85,0.84,0.84,0.58,769052.0
2014-12-04,0.84,0.84,0.83,0.83,0.58,1129546.0
2014-12-05,0.83,0.84,0.83,0.84,0.58,687798.0
2014-12-08,0.83,0.84,0.83,0.83,0.58,715264.0
2014-12-09,0.83,0.83,0.83,0.83,0.58,632866.0
2014-12-10,0.83,0.83,0.83,0.83,0.57,339894.0
2014-12-11,0.83,0.83,0.83,0.83,0.57,376515.0
2014-12-12,0.83,0.83,0.83,0.83,0.57,525290.0
2014-12-15,0.83,0.83,0.81,0.82,0.56,1042569.0
2014-12-16,0.82,0.82,0.81,0.81,0.56,1016248.0
2014-12-17,0.81,0.81,0.8,0.8,0.55,1278320.0
2014-12-18,0.8,0.81,0.8,0.8,0.55,587089.0
2014-12-19,0.8,0.81,0.8,0.8,0.55,1034558.0
2014-12-22,0.8,0.8,0.79,0.8,0.55,1078046.0
2014-12-23,0.8,0.8,0.79,0.8,0.55,722131.0
2014-12-24,0.8,0.8,0.79,0.79,0.55,413137.0
2014-12-26,0.8,0.8,0.79,0.8,0.55,993359.0
2014-12-29,0.8,0.82,0.8,0.81,0.56,389104.0
2014-12-30,0.81,0.82,0.81,0.82,0.57,346760.0
2014-12-31,0.82,0.82,0.82,0.82,0.57,252917.0
2015-01-02,0.82,0.82,0.82,0.82,0.57,571067.0
2015-01-05,0.82,0.83,0.81,0.82,0.56,424581.0
2015-01-06,0.82,0.82,0.81,0.82,0.56,693520.0
2015-01-07,0.81,0.81,0.8,0.8,0.55,2756915.0
2015-01-08,0.8,0.81,0.8,0.81,0.56,112153.0
2015-01-09,0.81,0.81,0.8,0.81,0.56,359349.0
2015-01-12,0.81,0.81,0.8,0.81,0.56,726709.0
2015-01-13,0.81,0.81,0.81,0.81,0.56,99565.0
2015-01-14,0.81,0.81,0.8,0.8,0.55,740442.0
2015-01-15,0.81,0.81,0.8,0.81,0.56,225451.0
2015-01-16,0.81,0.81,0.8,0.8,0.55,144197.0
2015-01-19,0.8,0.81,0.8,0.8,0.55,356488.0
2015-01-20,0.8,0.81,0.8,0.81,0.56,456968.0
2015-01-21,0.81,0.82,0.81,0.81,0.56,1274887.0
2015-01-22,0.81,0.82,0.81,0.82,0.57,1849616.0
2015-01-23,0.82,0.82,0.81,0.81,0.56,1136755.0
2015-01-26,0.81,0.82,0.81,0.81,0.56,2186992.0
2015-01-27,0.8,0.8,0.8,0.8,0.56,926868.0
2015-01-28,0.8,0.8,0.8,0.8,0.56,590637.0
2015-01-29,0.8,0.8,0.8,0.8,0.56,361867.0
2015-01-30,0.8,0.8,0.8,0.8,0.56,492903.0
2015-02-02,0.8,0.8,0.8,0.8,0.56,504462.0
2015-02-03,0.8,0.8,0.8,0.8,0.56,532500.0
2015-02-04,0.8,0.8,0.8,0.8,0.56,618103.0
2015-02-05,0.8,0.8,0.79,0.8,0.56,515906.0
2015-02-06,0.8,0.8,0.79,0.8,0.56,806132.0
2015-02-09,0.8,0.8,0.79,0.79,0.56,624397.0
2015-02-10,0.8,0.8,0.79,0.79,0.56,480200.0
2015-02-11,0.79,0.8,0.79,0.79,0.56,216754.0
2015-02-12,0.79,0.8,0.79,0.79,0.56,227282.0
2015-02-13,0.79,0.8,0.79,0.8,0.56,712976.0
2015-02-16,0.79,0.8,0.79,0.79,0.56,364728.0
2015-02-17,0.79,0.8,0.79,0.8,0.56,780496.0
2015-02-18,0.8,0.8,0.79,0.8,0.56,741929.0
2015-02-23,0.8,0.8,0.8,0.8,0.56,339436.0
2015-02-24,0.8,0.8,0.8,0.8,0.56,663308.0
2015-02-25,0.8,0.8,0.8,0.8,0.57,434766.0
2015-02-26,0.8,0.8,0.8,0.8,0.56,251315.0
2015-02-27,0.8,0.8,0.8,0.8,0.57,393338.0
2015-03-02,0.8,0.8,0.8,0.8,0.56,422292.0
2015-03-03,0.8,0.8,0.8,0.8,0.56,467611.0
2015-03-04,0.8,0.8,0.8,0.8,0.57,244907.0
2015-03-05,0.8,0.8,0.8,0.8,0.56,227855.0
2015-03-06,0.8,0.8,0.8,0.8,0.56,1589375.0
2015-03-09,0.8,0.8,0.79,0.8,0.56,673607.0
2015-03-10,0.8,0.8,0.79,0.79,0.56,683564.0
2015-03-11,0.8,0.8,0.79,0.79,0.55,1277977.0
2015-03-12,0.79,0.79,0.79,0.79,0.56,164339.0
2015-03-13,0.79,0.79,0.79,0.79,0.56,279926.0
2015-03-16,0.79,0.79,0.79,0.79,0.56,246165.0
2015-03-17,0.79,0.79,0.79,0.79,0.56,430532.0
2015-03-18,0.79,0.79,0.79,0.79,0.56,800524.0
2015-03-19,0.79,0.8,0.79,0.8,0.56,1206336.0
2015-03-20,0.8,0.8,0.79,0.79,0.55,590408.0
2015-03-23,0.79,0.8,0.79,0.79,0.55,1623364.0
2015-03-24,0.79,0.8,0.79,0.79,0.55,177271.0
2015-03-25,0.79,0.8,0.79,0.79,0.56,283702.0
2015-03-26,0.79,0.79,0.79,0.79,0.55,408788.0
2015-03-27,0.79,0.79,0.78,0.79,0.55,2597382.0
2015-03-30,0.79,0.79,0.78,0.78,0.55,434309.0
2015-03-31,0.79,0.79,0.78,0.79,0.55,632065.0
2015-04-01,0.78,0.79,0.78,0.79,0.55,459829.0
2015-04-02,0.79,0.79,0.78,0.79,0.55,672234.0
2015-04-06,0.78,0.79,0.78,0.79,0.55,431447.0
2015-04-07,0.79,0.79,0.78,0.79,0.56,1264816.0
2015-04-08,0.79,0.79,0.78,0.79,0.55,1635609.0
2015-04-09,0.79,0.79,0.78,0.79,0.55,1122565.0
2015-04-10,0.79,0.79,0.78,0.79,0.55,1955361.0
2015-04-13,0.79,0.79,0.78,0.78,0.55,2999647.0
2015-04-14,0.78,0.78,0.78,0.78,0.55,2029520.0
2015-04-15,0.78,0.78,0.78,0.78,0.55,1164222.0
2015-04-16,0.78,0.78,0.78,0.78,0.55,841036.0
2015-04-17,0.78,0.78,0.78,0.78,0.55,829936.0
2015-04-20,0.78,0.78,0.77,0.77,0.54,1628399.0
2015-04-21,0.78,0.79,0.77,0.78,0.55,3370784.0
2015-04-22,0.78,0.79,0.78,0.78,0.55,4617976.0
2015-04-23,0.78,0.79,0.78,0.78,0.55,2527115.0
2015-04-24,0.77,0.77,0.76,0.77,0.55,2150829.0
2015-04-27,0.77,0.77,0.76,0.77,0.55,2053553.0
2015-04-28,0.77,0.77,0.76,0.76,0.55,1460513.0
2015-04-29,0.76,0.76,0.76,0.76,0.55,1239753.0
2015-04-30,0.76,0.76,0.75,0.76,0.55,2797656.0
2015-05-04,0.75,0.76,0.74,0.75,0.54,4427658.0
2015-05-05,0.75,0.75,0.74,0.74,0.54,1165595.0
2015-05-06,0.74,0.75,0.73,0.74,0.53,2950322.0
2015-05-07,0.74,0.74,0.73,0.74,0.53,1354768.0
2015-05-08,0.74,0.74,0.73,0.73,0.53,2374334.0
2015-05-11,0.73,0.74,0.73,0.74,0.53,2540161.0
2015-05-12,0.73,0.74,0.73,0.74,0.53,1882004.0
2015-05-13,0.73,0.74,0.73,0.73,0.53,1892990.0
2015-05-14,0.73,0.74,0.73,0.74,0.53,1510638.0
2015-05-15,0.73,0.74,0.73,0.74,0.53,310024.0
2015-05-18,0.73,0.74,0.73,0.74,0.54,1368158.0
2015-05-19,0.74,0.74,0.74,0.74,0.54,629089.0
2015-05-20,0.74,0.74,0.73,0.73,0.53,1903061.0
2015-05-21,0.74,0.74,0.73,0.73,0.53,1002972.0
2015-05-22,0.73,0.74,0.73,0.74,0.54,1681501.0
2015-05-25,0.74,0.74,0.73,0.74,0.53,927326.0
2015-05-26,0.74,0.75,0.74,0.75,0.54,1830848.0
2015-05-27,0.75,0.76,0.75,0.75,0.54,1020253.0
2015-05-28,0.76,0.76,0.75,0.75,0.54,1403864.0
2015-05-29,0.75,0.75,0.75,0.75,0.54,934650.0
2015-06-02,0.75,0.76,0.75,0.75,0.54,1882690.0
2015-06-03,0.75,0.76,0.75,0.75,0.54,1402490.0
2015-06-04,0.75,0.75,0.75,0.75,0.54,872737.0
2015-06-05,0.75,0.75,0.75,0.75,0.54,383496.0
2015-06-08,0.75,0.75,0.75,0.75,0.54,629662.0
2015-06-09,0.75,0.75,0.74,0.74,0.54,1020368.0
2015-06-10,0.74,0.75,0.74,0.74,0.54,682992.0
2015-06-11,0.74,0.75,0.74,0.75,0.54,562713.0
2015-06-12,0.75,0.75,0.74,0.75,0.54,947582.0
2015-06-15,0.75,0.75,0.74,0.74,0.54,2830387.0
2015-06-16,0.74,0.75,0.74,0.74,0.53,2219952.0
2015-06-17,0.74,0.75,0.74,0.75,0.54,1503314.0
2015-06-18,0.75,0.76,0.75,0.75,0.54,848017.0
2015-06-19,0.75,0.76,0.75,0.76,0.55,1344010.0
2015-06-22,0.75,0.76,0.75,0.76,0.55,548179.0
2015-06-23,0.76,0.76,0.75,0.75,0.54,243075.0
2015-06-24,0.76,0.76,0.75,0.75,0.54,189059.0
2015-06-25,0.75,0.76,0.75,0.75,0.54,1611119.0
2015-06-26,0.75,0.76,0.74,0.75,0.54,2586968.0
2015-06-29,0.75,0.75,0.73,0.74,0.53,1366784.0
2015-06-30,0.74,0.74,0.73,0.74,0.54,794802.0
2015-07-01,0.74,0.74,0.74,0.74,0.54,521170.0
2015-07-02,0.74,0.74,0.74,0.74,0.54,790567.0
2015-07-03,0.74,0.75,0.74,0.75,0.54,998166.0
2015-07-06,0.75,0.75,0.74,0.75,0.54,1081938.0
2015-07-07,0.75,0.75,0.75,0.75,0.54,197871.0
2015-07-08,0.75,0.75,0.74,0.74,0.54,878688.0
2015-07-09,0.75,0.75,0.74,0.74,0.54,662506.0
2015-07-10,0.74,0.74,0.74,0.74,0.54,804873.0
2015-07-13,0.74,0.74,0.74,0.74,0.54,176241.0
2015-07-14,0.74,0.75,0.74,0.75,0.54,738153.0
2015-07-15,0.75,0.76,0.75,0.75,0.54,554359.0
2015-07-16,0.76,0.76,0.75,0.76,0.55,482832.0
2015-07-20,0.76,0.77,0.76,0.77,0.56,3143844.0
2015-07-21,0.76,0.76,0.76,0.76,0.55,2763095.0
2015-07-22,0.76,0.76,0.75,0.76,0.55,1873077.0
2015-07-23,0.74,0.74,0.73,0.74,0.55,907413.0
2015-07-24,0.73,0.73,0.73,0.73,0.54,892192.0
2015-07-27,0.73,0.73,0.73,0.73,0.54,976078.0
2015-07-28,0.73,0.73,0.73,0.73,0.54,672921.0
2015-07-29,0.73,0.73,0.72,0.73,0.54,506178.0
2015-07-30,0.73,0.73,0.73,0.73,0.54,414739.0
2015-07-31,0.73,0.73,0.72,0.72,0.53,787706.0
2015-08-03,0.72,0.72,0.71,0.71,0.53,1094755.0
2015-08-04,0.72,0.72,0.71,0.72,0.53,1085943.0
2015-08-05,0.72,0.72,0.7,0.71,0.53,834857.0
2015-08-06,0.71,0.71,0.7,0.71,0.53,395169.0
2015-08-07,0.71,0.71,0.71,0.71,0.53,0.0
2015-08-11,0.71,0.71,0.7,0.71,0.52,839320.0
2015-08-12,0.71,0.71,0.69,0.7,0.52,1852134.0
2015-08-13,0.7,0.7,0.69,0.69,0.51,1300522.0
2015-08-14,0.69,0.7,0.69,0.7,0.52,459028.0
2015-08-17,0.69,0.7,0.69,0.69,0.51,961201.0
2015-08-18,0.7,0.7,0.69,0.69,0.51,617760.0
2015-08-19,0.69,0.69,0.68,0.69,0.51,790110.0
2015-08-20,0.69,0.69,0.66,0.66,0.49,1583881.0
2015-08-21,0.66,0.66,0.64,0.65,0.48,1692602.0
2015-08-24,0.64,0.64,0.62,0.63,0.46,2013956.0
2015-08-25,0.62,0.65,0.62,0.64,0.47,1207938.0
2015-08-26,0.65,0.66,0.63,0.66,0.48,448270.0
2015-08-27,0.66,0.68,0.65,0.67,0.49,1864608.0
2015-08-28,0.68,0.69,0.68,0.69,0.51,1841605.0
2015-08-31,0.69,0.69,0.67,0.68,0.5,1548290.0
2015-09-01,0.68,0.68,0.66,0.66,0.49,687340.0
2015-09-02,0.66,0.66,0.66,0.66,0.49,241244.0
2015-09-03,0.66,0.66,0.66,0.66,0.48,234263.0
2015-09-04,0.66,0.66,0.66,0.66,0.48,411535.0
2015-09-07,0.66,0.66,0.65,0.66,0.49,523688.0
2015-09-08,0.66,0.66,0.66,0.66,0.49,223048.0
2015-09-09,0.66,0.67,0.66,0.67,0.49,576331.0
2015-09-10,0.66,0.67,0.66,0.67,0.49,405698.0
2015-09-14,0.67,0.67,0.66,0.67,0.49,347218.0
2015-09-15,0.67,0.67,0.66,0.66,0.49,261272.0
2015-09-16,0.67,0.67,0.66,0.67,0.49,340695.0
2015-09-17,0.67,0.67,0.66,0.67,0.49,261386.0
2015-09-18,0.66,0.68,0.66,0.67,0.49,1891273.0
2015-09-21,0.67,0.67,0.66,0.67,0.49,680588.0
2015-09-22,0.67,0.67,0.66,0.67,0.49,340580.0
2015-09-23,0.67,0.67,0.66,0.67,0.49,406842.0
2015-09-25,0.67,0.68,0.66,0.68,0.5,711488.0
2015-09-28,0.68,0.68,0.66,0.67,0.5,362553.0
2015-09-29,0.67,0.67,0.66,0.66,0.49,319408.0
2015-09-30,0.66,0.66,0.66,0.66,0.49,352711.0
2015-10-01,0.66,0.67,0.66,0.66,0.49,254749.0
2015-10-02,0.66,0.66,0.66,0.66,0.48,539367.0
2015-10-05,0.66,0.66,0.66,0.66,0.49,163538.0
2015-10-06,0.66,0.66,0.66,0.66,0.49,737581.0
2015-10-07,0.66,0.67,0.66,0.67,0.49,433279.0
2015-10-08,0.67,0.67,0.66,0.67,0.5,173151.0
2015-10-09,0.67,0.69,0.67,0.69,0.51,947926.0
2015-10-12,0.68,0.69,0.68,0.68,0.5,689057.0
2015-10-13,0.69,0.69,0.68,0.68,0.5,946896.0
2015-10-14,0.69,0.69,0.68,0.69,0.51,586631.0
2015-10-15,0.68,0.69,0.68,0.69,0.51,261501.0
2015-10-16,0.69,0.69,0.68,0.69,0.51,751314.0
2015-10-19,0.69,0.69,0.68,0.68,0.5,1151175.0
2015-10-20,0.69,0.69,0.68,0.69,0.51,572898.0
2015-10-21,0.67,0.67,0.66,0.66,0.5,983403.0
2015-10-22,0.67,0.67,0.66,0.67,0.51,150492.0
2015-10-23,0.66,0.67,0.66,0.66,0.5,846873.0
2015-10-26,0.67,0.67,0.66,0.67,0.51,135729.0
2015-10-27,0.67,0.67,0.66,0.66,0.5,438428.0
2015-10-28,0.67,0.67,0.66,0.66,0.5,500113.0
2015-10-29,0.66,0.67,0.66,0.66,0.5,231975.0
2015-10-30,0.66,0.67,0.66,0.66,0.5,272945.0
2015-11-02,0.66,0.67,0.66,0.66,0.5,630119.0
2015-11-03,0.66,0.67,0.66,0.67,0.51,227397.0
2015-11-04,0.67,0.67,0.66,0.67,0.51,454565.0
2015-11-05,0.67,0.67,0.66,0.67,0.51,370907.0
2015-11-06,0.67,0.67,0.66,0.66,0.5,1336801.0
2015-11-09,0.66,0.66,0.65,0.65,0.49,1591091.0
2015-11-11,0.66,0.66,0.63,0.63,0.48,3764236.0
2015-11-12,0.63,0.64,0.62,0.63,0.48,4128735.0
2015-11-13,0.63,0.63,0.62,0.62,0.47,877086.0
2015-11-16,0.62,0.63,0.62,0.62,0.47,982258.0
2015-11-17,0.63,0.63,0.63,0.63,0.48,545318.0
2015-11-18,0.63,0.63,0.62,0.63,0.48,568206.0
2015-11-19,0.63,0.63,0.63,0.63,0.48,477453.0
2015-11-20,0.63,0.64,0.63,0.63,0.48,285076.0
2015-11-23,0.63,0.64,0.63,0.64,0.48,158388.0
2015-11-24,0.64,0.64,0.63,0.64,0.48,1319291.0
2015-11-25,0.64,0.64,0.63,0.64,0.48,214236.0
2015-11-26,0.63,0.64,0.63,0.63,0.48,546348.0
2015-11-27,0.63,0.64,0.63,0.64,0.48,257266.0
2015-11-30,0.63,0.64,0.63,0.63,0.48,163195.0
2015-12-01,0.63,0.64,0.63,0.64,0.48,169260.0
2015-12-02,0.64,0.64,0.63,0.64,0.48,258640.0
2015-12-03,0.64,0.64,0.63,0.63,0.48,210002.0
2015-12-04,0.63,0.64,0.63,0.63,0.48,107232.0
2015-12-07,0.63,0.64,0.63,0.64,0.48,54360.0
2015-12-08,0.63,0.64,0.63,0.64,0.48,216754.0
2015-12-09,0.63,0.64,0.63,0.63,0.48,186770.0
2015-12-10,0.63,0.63,0.63,0.63,0.48,325359.0
2015-12-11,0.62,0.63,0.62,0.62,0.47,1370904.0
2015-12-14,0.62,0.62,0.61,0.62,0.47,584113.0
2015-12-15,0.61,0.62,0.61,0.62,0.47,322498.0
2015-12-16,0.62,0.62,0.62,0.62,0.47,772829.0
2015-12-17,0.62,0.62,0.62,0.62,0.47,224994.0
2015-12-18,0.62,0.63,0.62,0.62,0.47,834399.0
2015-12-21,0.62,0.63,0.62,0.62,0.47,358090.0
2015-12-22,0.62,0.63,0.62,0.63,0.48,121309.0
2015-12-23,0.63,0.63,0.62,0.62,0.47,268825.0
2015-12-24,0.63,0.63,0.62,0.62,0.47,81140.0
2015-12-28,0.63,0.63,0.62,0.62,0.47,353512.0
2015-12-29,0.63,0.63,0.62,0.63,0.48,292743.0
2015-12-30,0.62,0.62,0.62,0.62,0.47,1929268.0
2015-12-31,0.62,0.62,0.62,0.62,0.47,168802.0
2016-01-04,0.62,0.62,0.62,0.62,0.47,248683.0
2016-01-05,0.62,0.62,0.62,0.62,0.47,170748.0
2016-01-06,0.62,0.63,0.62,0.62,0.47,466810.0
2016-01-07,0.62,0.62,0.62,0.62,0.47,1298462.0
2016-01-08,0.62,0.62,0.62,0.62,0.47,346875.0
2016-01-11,0.62,0.62,0.61,0.61,0.46,1009496.0
2016-01-12,0.61,0.62,0.61,0.61,0.46,105516.0
2016-01-13,0.61,0.62,0.61,0.61,0.46,138017.0
2016-01-14,0.61,0.62,0.61,0.61,0.46,1322266.0
2016-01-15,0.61,0.62,0.61,0.61,0.46,277866.0
2016-01-18,0.61,0.62,0.61,0.61,0.46,1745360.0
2016-01-19,0.61,0.61,0.61,0.61,0.46,404096.0
2016-01-20,0.61,0.61,0.61,0.61,0.46,276950.0
2016-01-21,0.61,0.61,0.59,0.59,0.45,2001825.0
2016-01-22,0.59,0.61,0.59,0.6,0.46,794573.0
2016-01-25,0.6,0.61,0.6,0.61,0.46,366444.0
2016-01-26,0.59,0.59,0.58,0.58,0.44,5628959.0
2016-01-27,0.59,0.59,0.58,0.59,0.45,1338860.0
2016-01-28,0.59,0.59,0.58,0.59,0.44,1804641.0
2016-01-29,0.57,0.58,0.57,0.58,0.45,1440714.0
2016-02-01,0.58,0.59,0.58,0.58,0.45,833598.0
2016-02-02,0.58,0.58,0.58,0.58,0.45,715035.0
2016-02-03,0.58,0.58,0.57,0.57,0.44,625656.0
2016-02-04,0.57,0.57,0.56,0.56,0.44,1058362.0
2016-02-05,0.57,0.57,0.56,0.57,0.45,930874.0
2016-02-10,0.57,0.57,0.56,0.56,0.44,342640.0
2016-02-11,0.56,0.56,0.56,0.56,0.44,1091207.0
2016-02-12,0.56,0.56,0.55,0.55,0.42,1368272.0
2016-02-15,0.55,0.55,0.54,0.55,0.43,714921.0
2016-02-16,0.55,0.55,0.55,0.55,0.43,448042.0
2016-02-17,0.55,0.55,0.54,0.55,0.42,253490.0
2016-02-18,0.55,0.55,0.55,0.55,0.42,873080.0
2016-02-19,0.55,0.55,0.55,0.55,0.43,370221.0
2016-02-22,0.55,0.55,0.55,0.55,0.43,140192.0
2016-02-23,0.55,0.55,0.55,0.55,0.42,301441.0
2016-02-24,0.55,0.55,0.55,0.55,0.42,216983.0
2016-02-25,0.55,0.55,0.55,0.55,0.43,380521.0
2016-02-26,0.55,0.55,0.55,0.55,0.43,593612.0
2016-02-29,0.55,0.55,0.54,0.55,0.42,257839.0
2016-03-01,0.55,0.55,0.55,0.55,0.43,790224.0
2016-03-02,0.55,0.55,0.54,0.55,0.43,638245.0
2016-03-03,0.55,0.56,0.55,0.55,0.43,2442771.0
2016-03-04,0.55,0.56,0.55,0.56,0.44,1661244.0
2016-03-07,0.56,0.57,0.55,0.55,0.43,2021509.0
2016-03-08,0.56,0.56,0.55,0.55,0.43,1100592.0
2016-03-09,0.55,0.55,0.55,0.55,0.43,550239.0
2016-03-10,0.55,0.55,0.55,0.55,0.43,276836.0
2016-03-11,0.55,0.55,0.55,0.55,0.42,896541.0
2016-03-14,0.55,0.55,0.55,0.55,0.43,391164.0
2016-03-15,0.55,0.55,0.55,0.55,0.42,450216.0
2016-03-16,0.55,0.55,0.55,0.55,0.42,122911.0
2016-03-17,0.55,0.55,0.55,0.55,0.43,563514.0
2016-03-18,0.55,0.56,0.55,0.55,0.43,1452044.0
2016-03-21,0.55,0.56,0.55,0.55,0.43,241931.0
2016-03-22,0.55,0.55,0.55,0.55,0.43,541312.0
2016-03-23,0.55,0.55,0.55,0.55,0.43,439001.0
2016-03-24,0.55,0.55,0.55,0.55,0.43,1023915.0
2016-03-28,0.55,0.55,0.55,0.55,0.43,384297.0
2016-03-29,0.55,0.55,0.55,0.55,0.43,443235.0
2016-03-30,0.55,0.55,0.55,0.55,0.43,272716.0
2016-03-31,0.55,0.55,0.55,0.55,0.43,554130.0
2016-04-01,0.55,0.55,0.55,0.55,0.43,749254.0
2016-04-04,0.55,0.56,0.55,0.56,0.44,123598.0
2016-04-05,0.56,0.56,0.55,0.56,0.44,358777.0
2016-04-06,0.56,0.56,0.55,0.56,0.44,481573.0
2016-04-07,0.56,0.57,0.56,0.57,0.44,541541.0
2016-04-08,0.56,0.57,0.56,0.57,0.44,741357.0
2016-04-11,0.57,0.57,0.56,0.56,0.44,547034.0
2016-04-12,0.56,0.57,0.56,0.56,0.44,698441.0
2016-04-13,0.57,0.57,0.56,0.57,0.45,783358.0
2016-04-14,0.57,0.57,0.57,0.57,0.45,201190.0
2016-04-15,0.57,0.57,0.57,0.57,0.45,457769.0
2016-04-18,0.57,0.58,0.57,0.58,0.45,694321.0
2016-04-19,0.56,0.56,0.55,0.56,0.44,2453528.0
2016-04-20,0.55,0.56,0.55,0.55,0.43,666398.0
2016-04-21,0.55,0.56,0.55,0.56,0.44,682191.0
2016-04-22,0.55,0.55,0.54,0.55,0.44,808993.0
2016-04-25,0.55,0.55,0.54,0.54,0.43,397000.0
2016-04-26,0.54,0.55,0.54,0.54,0.43,469786.0
2016-04-27,0.54,0.55,0.54,0.54,0.43,470129.0
2016-04-28,0.54,0.55,0.54,0.54,0.43,856944.0
2016-04-29,0.54,0.55,0.54,0.54,0.43,1223732.0
2016-05-03,0.54,0.55,0.54,0.54,0.43,671433.0
2016-05-04,0.54,0.54,0.54,0.54,0.43,325359.0
2016-05-05,0.54,0.54,0.54,0.54,0.43,990727.0
2016-05-06,0.54,0.54,0.54,0.54,0.43,808764.0
2016-05-09,0.54,0.54,0.53,0.53,0.42,1911186.0
2016-05-10,0.53,0.53,0.52,0.52,0.42,1076330.0
2016-05-11,0.53,0.53,0.52,0.53,0.42,395970.0
2016-05-12,0.52,0.52,0.52,0.52,0.42,321697.0
2016-05-13,0.52,0.52,0.52,0.52,0.42,218013.0
2016-05-16,0.53,0.53,0.52,0.52,0.42,205424.0
2016-05-17,0.52,0.53,0.52,0.52,0.42,645455.0
2016-05-18,0.53,0.53,0.52,0.53,0.42,59052.0
2016-05-19,0.53,0.53,0.52,0.53,0.42,525405.0
2016-05-20,0.53,0.53,0.53,0.53,0.42,206111.0
2016-05-23,0.53,0.53,0.52,0.53,0.42,291828.0
2016-05-24,0.53,0.53,0.52,0.52,0.42,181734.0
2016-05-25,0.52,0.53,0.52,0.52,0.42,350422.0
2016-05-26,0.52,0.53,0.52,0.52,0.42,222705.0
2016-05-27,0.52,0.53,0.52,0.52,0.42,263790.0
2016-05-30,0.52,0.53,0.52,0.52,0.42,181505.0
2016-05-31,0.53,0.53,0.52,0.53,0.42,705193.0
2016-06-01,0.52,0.53,0.52,0.52,0.42,193407.0
2016-06-02,0.52,0.53,0.52,0.52,0.42,606086.0
2016-06-03,0.53,0.53,0.52,0.53,0.42,303272.0
2016-06-06,0.53,0.53,0.52,0.52,0.42,287822.0
2016-06-07,0.52,0.53,0.52,0.52,0.42,804873.0
2016-06-08,0.52,0.53,0.52,0.53,0.42,156672.0
2016-06-09,0.52,0.53,0.52,0.52,0.42,109521.0
2016-06-10,0.53,0.53,0.52,0.52,0.42,162394.0
2016-06-13,0.52,0.52,0.52,0.52,0.41,811854.0
2016-06-14,0.52,0.52,0.52,0.52,0.41,158159.0
2016-06-15,0.52,0.52,0.52,0.52,0.41,384068.0
2016-06-16,0.52,0.52,0.52,0.52,0.41,273632.0
2016-06-17,0.52,0.52,0.5,0.5,0.4,1861518.0
2016-06-20,0.51,0.51,0.5,0.51,0.4,747194.0
2016-06-21,0.51,0.51,0.5,0.5,0.4,892078.0
2016-06-22,0.5,0.5,0.49,0.49,0.39,1027921.0
2016-06-23,0.49,0.5,0.49,0.49,0.39,177386.0
2016-06-24,0.49,0.5,0.48,0.48,0.38,2472526.0
2016-06-27,0.48,0.48,0.44,0.45,0.36,4390808.0
2016-06-28,0.45,0.45,0.44,0.45,0.36,1893562.0
2016-06-29,0.45,0.45,0.45,0.45,0.36,500571.0
2016-06-30,0.45,0.46,0.45,0.46,0.37,1251999.0
2016-07-01,0.46,0.47,0.46,0.46,0.37,1048749.0
2016-07-04,0.46,0.48,0.46,0.47,0.37,803156.0
2016-07-05,0.47,0.47,0.46,0.47,0.37,850764.0
2016-07-07,0.47,0.47,0.46,0.47,0.37,722131.0
2016-07-08,0.47,0.47,0.47,0.47,0.38,304073.0
2016-07-11,0.47,0.48,0.47,0.47,0.38,1204620.0
2016-07-12,0.47,0.47,0.46,0.47,0.37,1846412.0
2016-07-13,0.47,0.47,0.46,0.47,0.37,1502513.0
2016-07-14,0.47,0.47,0.46,0.46,0.37,125543.0
2016-07-15,0.46,0.47,0.46,0.47,0.37,806132.0
2016-07-18,0.47,0.47,0.47,0.47,0.37,1045774.0
2016-07-19,0.47,0.47,0.46,0.47,0.37,562026.0
2016-07-20,0.47,0.47,0.46,0.47,0.37,611580.0
2016-07-21,0.47,0.48,0.47,0.48,0.38,367932.0
2016-07-22,0.48,0.48,0.47,0.48,0.38,619591.0
2016-07-25,0.47,0.47,0.47,0.47,0.38,1220413.0
2016-07-26,0.47,0.48,0.47,0.48,0.38,796862.0
2016-07-27,0.48,0.48,0.47,0.47,0.38,915996.0
2016-07-28,0.46,0.47,0.46,0.46,0.38,749139.0
2016-07-29,0.46,0.46,0.46,0.46,0.38,716638.0
2016-08-01,0.46,0.46,0.46,0.46,0.38,331883.0
2016-08-02,0.46,0.46,0.45,0.45,0.37,594184.0
2016-08-03,0.45,0.45,0.45,0.45,0.37,688142.0
2016-08-04,0.45,0.45,0.45,0.45,0.37,478140.0
2016-08-05,0.45,0.45,0.45,0.45,0.37,429044.0
2016-08-08,0.45,0.45,0.45,0.45,0.37,544402.0
2016-08-10,0.45,0.45,0.45,0.45,0.37,101854.0
2016-08-11,0.45,0.45,0.45,0.45,0.37,585143.0
2016-08-12,0.45,0.45,0.45,0.45,0.37,628288.0
2016-08-15,0.45,0.46,0.45,0.45,0.37,191119.0
2016-08-16,0.45,0.46,0.45,0.45,0.37,515219.0
2016-08-17,0.45,0.46,0.45,0.45,0.37,367245.0
2016-08-18,0.45,0.45,0.45,0.45,0.37,175097.0
2016-08-19,0.45,0.46,0.45,0.46,0.38,448728.0
2016-08-22,0.45,0.46,0.45,0.45,0.37,386243.0
2016-08-23,0.45,0.45,0.45,0.45,0.37,408330.0
2016-08-24,0.45,0.45,0.45,0.45,0.37,354771.0
2016-08-25,0.45,0.45,0.45,0.45,0.37,423894.0
2016-08-26,0.45,0.46,0.45,0.46,0.38,180247.0
2016-08-29,0.45,0.46,0.45,0.46,0.38,286335.0
2016-08-30,0.45,0.46,0.45,0.45,0.37,423894.0
2016-08-31,0.45,0.46,0.45,0.46,0.38,783930.0
2016-09-01,0.46,0.46,0.45,0.46,0.38,471846.0
2016-09-02,0.46,0.46,0.45,0.45,0.37,362210.0
2016-09-05,0.45,0.45,0.45,0.45,0.37,717782.0
2016-09-06,0.45,0.46,0.45,0.46,0.38,331997.0
2016-09-07,0.46,0.46,0.45,0.46,0.38,424581.0
2016-09-08,0.46,0.46,0.45,0.45,0.37,1382463.0
2016-09-09,0.45,0.46,0.45,0.45,0.37,813914.0
2016-09-13,0.45,0.45,0.45,0.45,0.37,1101850.0
2016-09-14,0.45,0.45,0.45,0.45,0.37,612152.0
2016-09-15,0.45,0.45,0.45,0.45,0.37,189860.0
2016-09-16,0.45,0.45,0.45,0.45,0.37,748338.0
2016-09-19,0.45,0.45,0.45,0.45,0.37,498282.0
2016-09-20,0.45,0.45,0.45,0.45,0.37,972531.0
2016-09-21,0.45,0.45,0.45,0.45,0.37,96017.0
2016-09-22,0.45,0.45,0.45,0.45,0.37,353398.0
2016-09-23,0.45,0.46,0.45,0.46,0.38,1079191.0
2016-09-26,0.45,0.46,0.45,0.45,0.37,257953.0
2016-09-27,0.45,0.46,0.45,0.45,0.37,257381.0
2016-09-28,0.45,0.46,0.45,0.46,0.38,335316.0
2016-09-29,0.46,0.46,0.45,0.46,0.38,306133.0
2016-09-30,0.46,0.46,0.45,0.46,0.38,329937.0
2016-10-03,0.46,0.46,0.45,0.45,0.37,2185733.0
2016-10-04,0.45,0.46,0.45,0.46,0.38,654610.0
2016-10-05,0.45,0.46,0.45,0.46,0.38,1115698.0
2016-10-06,0.46,0.46,0.46,0.46,0.38,138361.0
2016-10-07,0.46,0.46,0.46,0.46,0.38,389218.0
2016-10-10,0.46,0.46,0.45,0.46,0.38,439230.0
2016-10-11,0.46,0.46,0.45,0.46,0.38,156328.0
2016-10-12,0.46,0.46,0.46,0.46,0.38,438428.0
2016-10-13,0.46,0.46,0.45,0.46,0.38,266422.0
2016-10-14,0.46,0.46,0.46,0.46,0.38,188601.0
2016-10-17,0.46,0.46,0.46,0.46,0.38,928585.0
2016-10-18,0.46,0.46,0.45,0.46,0.38,728997.0
2016-10-19,0.46,0.47,0.46,0.47,0.38,773973.0
2016-10-20,0.46,0.47,0.46,0.46,0.38,604026.0
2016-10-21,0.45,0.45,0.45,0.45,0.38,676468.0
2016-10-24,0.45,0.45,0.45,0.45,0.38,388760.0
2016-10-25,0.45,0.45,0.45,0.45,0.38,612610.0
2016-10-26,0.45,0.45,0.45,0.45,0.38,329022.0
2016-10-27,0.45,0.45,0.45,0.45,0.38,348248.0
2016-10-28,0.45,0.45,0.45,0.45,0.38,377087.0
2016-10-31,0.45,0.45,0.45,0.45,0.38,483862.0
2016-11-01,0.45,0.45,0.45,0.45,0.38,185854.0
2016-11-02,0.45,0.45,0.45,0.45,0.38,341839.0
2016-11-03,0.45,0.45,0.45,0.45,0.38,478140.0
2016-11-04,0.45,0.45,0.45,0.45,0.38,231059.0
2016-11-07,0.45,0.45,0.45,0.45,0.38,308880.0
2016-11-08,0.45,0.45,0.45,0.45,0.37,410161.0
2016-11-09,0.45,0.45,0.45,0.45,0.37,346989.0
2016-11-10,0.45,0.45,0.45,0.45,0.38,846186.0
2016-11-11,0.45,0.46,0.45,0.45,0.38,393338.0
2016-11-14,0.45,0.45,0.45,0.45,0.38,417714.0
2016-11-15,0.45,0.45,0.45,0.45,0.38,731515.0
2016-11-16,0.45,0.45,0.45,0.45,0.38,1098074.0
2016-11-17,0.45,0.45,0.45,0.45,0.38,818148.0
2016-11-18,0.45,0.45,0.45,0.45,0.38,657929.0
2016-11-21,0.45,0.45,0.45,0.45,0.38,867587.0
2016-11-22,0.45,0.45,0.45,0.45,0.38,92698.0
2016-11-23,0.45,0.45,0.45,0.45,0.38,127260.0
2016-11-24,0.45,0.45,0.45,0.45,0.38,344471.0
2016-11-25,0.45,0.45,0.45,0.45,0.38,209315.0
2016-11-28,0.45,0.45,0.45,0.45,0.38,333485.0
2016-11-29,0.45,0.46,0.45,0.46,0.39,761499.0
2016-11-30,0.46,0.46,0.45,0.46,0.39,452276.0
2016-12-01,0.45,0.46,0.45,0.45,0.38,916912.0
2016-12-02,0.45,0.45,0.45,0.45,0.38,211375.0
2016-12-05,0.45,0.45,0.45,0.45,0.38,121309.0
2016-12-06,0.45,0.45,0.45,0.45,0.38,443693.0
2016-12-07,0.45,0.46,0.45,0.45,0.38,503088.0
2016-12-08,0.45,0.45,0.45,0.45,0.38,236667.0
2016-12-09,0.45,0.45,0.45,0.45,0.38,1429842.0
2016-12-12,0.45,0.45,0.45,0.45,0.38,224765.0
2016-12-13,0.45,0.45,0.45,0.45,0.38,534331.0
2016-12-14,0.45,0.45,0.45,0.45,0.38,481001.0
2016-12-15,0.45,0.45,0.45,0.45,0.38,1070150.0
2016-12-16,0.45,0.45,0.45,0.45,0.38,1410845.0
2016-12-19,0.45,0.45,0.44,0.44,0.37,1649114.0
2016-12-20,0.44,0.44,0.39,0.4,0.33,7318127.0
2016-12-21,0.38,0.39,0.38,0.38,0.32,6063382.0
2016-12-22,0.38,0.39,0.38,0.38,0.32,3001364.0
2016-12-23,0.39,0.39,0.38,0.39,0.33,2748561.0
2016-12-27,0.4,0.4,0.38,0.38,0.32,5092600.0
2016-12-28,0.38,0.38,0.38,0.38,0.32,2268400.0
2016-12-29,0.38,0.38,0.38,0.38,0.32,615000.0
2016-12-30,0.38,0.38,0.38,0.38,0.32,1395000.0
2017-01-03,0.38,0.38,0.37,0.37,0.31,2654300.0
2017-01-04,0.37,0.37,0.35,0.35,0.3,5857600.0
2017-01-05,0.35,0.35,0.34,0.34,0.29,8680000.0
2017-01-06,0.34,0.35,0.34,0.34,0.29,5947600.0
2017-01-09,0.34,0.35,0.34,0.34,0.29,8197100.0
2017-01-10,0.34,0.35,0.34,0.34,0.29,12103900.0
2017-01-11,0.35,0.35,0.34,0.35,0.29,13569700.0
2017-01-12,0.35,0.35,0.34,0.35,0.3,6543100.0
2017-01-13,0.35,0.36,0.34,0.35,0.3,5848600.0
2017-01-16,0.35,0.36,0.35,0.35,0.3,2399400.0
2017-01-17,0.35,0.36,0.35,0.36,0.3,3070500.0
2017-01-18,0.35,0.36,0.35,0.36,0.3,1542500.0
2017-01-19,0.36,0.36,0.35,0.36,0.3,1647000.0
2017-01-20,0.36,0.38,0.35,0.38,0.32,6443700.0
2017-01-23,0.37,0.38,0.37,0.37,0.31,5199500.0
2017-01-24,0.37,0.37,0.37,0.37,0.31,1429300.0
2017-01-25,0.37,0.38,0.37,0.38,0.32,6863600.0
2017-01-26,0.37,0.37,0.36,0.37,0.31,11640700.0
2017-01-27,0.37,0.37,0.37,0.37,0.31,3137500.0
2017-01-31,0.37,0.39,0.37,0.38,0.32,10198300.0
2017-02-01,0.38,0.38,0.38,0.38,0.33,7059100.0
2017-02-02,0.38,0.38,0.38,0.38,0.33,4587800.0
2017-02-03,0.4,0.43,0.39,0.43,0.37,22896900.0
2017-02-06,0.43,0.44,0.42,0.43,0.37,13236500.0
2017-02-07,0.44,0.44,0.43,0.44,0.37,10330000.0
2017-02-08,0.44,0.44,0.43,0.44,0.37,6230000.0
2017-02-09,0.43,0.44,0.43,0.44,0.38,9845900.0
2017-02-10,0.44,0.44,0.44,0.44,0.38,4522200.0
2017-02-13,0.44,0.44,0.43,0.43,0.37,2869200.0
2017-02-14,0.43,0.44,0.42,0.44,0.37,7696900.0
2017-02-15,0.44,0.44,0.43,0.44,0.37,4611600.0
2017-02-16,0.44,0.44,0.43,0.44,0.38,4183300.0
2017-02-17,0.44,0.44,0.44,0.44,0.38,3041000.0
2017-02-20,0.44,0.44,0.44,0.44,0.38,4627100.0
2017-02-21,0.44,0.44,0.43,0.43,0.37,3869800.0
2017-02-22,0.44,0.44,0.43,0.43,0.37,2976600.0
2017-02-23,0.43,0.44,0.43,0.44,0.37,1536400.0
2017-02-24,0.44,0.44,0.43,0.44,0.37,3480600.0
2017-02-27,0.43,0.44,0.43,0.44,0.38,2623500.0
2017-02-28,0.44,0.44,0.44,0.44,0.37,1064100.0
2017-03-01,0.44,0.44,0.44,0.44,0.37,2048300.0
2017-03-02,0.44,0.44,0.43,0.44,0.38,2721400.0
2017-03-03,0.44,0.44,0.43,0.43,0.37,732700.0
2017-03-06,0.45,0.48,0.45,0.47,0.41,15791000.0
2017-03-07,0.47,0.47,0.47,0.47,0.4,3041000.0
2017-03-08,0.47,0.47,0.46,0.47,0.4,2110800.0
2017-03-09,0.47,0.47,0.45,0.46,0.4,2543300.0
2017-03-10,0.46,0.47,0.46,0.46,0.39,1190100.0
2017-03-13,0.46,0.46,0.45,0.46,0.39,1493300.0
2017-03-14,0.46,0.46,0.46,0.46,0.39,928200.0
2017-03-15,0.45,0.46,0.45,0.46,0.4,1008600.0
2017-03-16,0.46,0.47,0.46,0.46,0.4,1391300.0
2017-03-17,0.46,0.47,0.46,0.46,0.4,1815800.0
2017-03-20,0.46,0.47,0.46,0.46,0.4,1254400.0
2017-03-21,0.46,0.46,0.46,0.46,0.4,583900.0
2017-03-22,0.46,0.47,0.46,0.46,0.4,980200.0
2017-03-23,0.47,0.47,0.46,0.46,0.4,1054200.0
2017-03-24,0.46,0.48,0.46,0.48,0.41,2724800.0
2017-03-27,0.47,0.47,0.47,0.47,0.4,439000.0
2017-03-28,0.47,0.47,0.47,0.47,0.4,650000.0
2017-03-29,0.47,0.47,0.46,0.47,0.4,1047300.0
2017-03-30,0.47,0.51,0.47,0.51,0.44,9358900.0
2017-03-31,0.51,0.51,0.5,0.5,0.43,5894000.0
2017-04-03,0.5,0.52,0.5,0.51,0.44,2813200.0
2017-04-04,0.51,0.52,0.51,0.51,0.44,1537700.0
2017-04-05,0.51,0.51,0.5,0.51,0.44,642000.0
2017-04-06,0.51,0.51,0.49,0.5,0.43,2952900.0
2017-04-07,0.5,0.51,0.49,0.5,0.43,3995600.0
2017-04-10,0.5,0.51,0.5,0.5,0.43,3143600.0
2017-04-11,0.5,0.5,0.5,0.5,0.43,2685300.0
2017-04-12,0.5,0.5,0.49,0.5,0.43,1901900.0
2017-04-13,0.5,0.5,0.49,0.5,0.43,1643800.0
2017-04-17,0.49,0.49,0.47,0.47,0.4,2796800.0
2017-04-18,0.47,0.47,0.46,0.46,0.4,4163100.0
2017-04-19,0.46,0.46,0.45,0.46,0.4,2043100.0
2017-04-20,0.46,0.46,0.46,0.46,0.4,631000.0
2017-04-21,0.47,0.48,0.47,0.47,0.4,2469100.0
2017-04-24,0.47,0.47,0.46,0.46,0.4,1130200.0
2017-04-25,0.46,0.47,0.46,0.46,0.39,1551600.0
2017-04-26,0.46,0.46,0.46,0.46,0.4,1971800.0
2017-04-27,0.46,0.47,0.46,0.47,0.4,2047400.0
2017-04-28,0.46,0.47,0.46,0.46,0.39,792300.0
2017-05-02,0.46,0.46,0.44,0.46,0.4,1952800.0
2017-05-03,0.46,0.46,0.45,0.45,0.39,1076300.0
2017-05-04,0.46,0.46,0.45,0.46,0.4,1280500.0
2017-05-05,0.46,0.46,0.45,0.46,0.39,2537200.0
2017-05-08,0.45,0.46,0.45,0.46,0.39,1849200.0
2017-05-09,0.46,0.46,0.45,0.46,0.39,1835400.0
2017-05-11,0.46,0.47,0.46,0.46,0.4,4197000.0
2017-05-12,0.47,0.47,0.45,0.46,0.39,3277900.0
2017-05-15,0.46,0.46,0.45,0.46,0.39,3097300.0
2017-05-16,0.44,0.45,0.44,0.45,0.39,1969800.0
2017-05-17,0.44,0.45,0.44,0.44,0.39,1937300.0
2017-05-18,0.44,0.44,0.44,0.44,0.39,1683600.0
2017-05-19,0.44,0.44,0.42,0.43,0.38,5523600.0
2017-05-22,0.43,0.43,0.43,0.43,0.37,549100.0
2017-05-23,0.43,0.44,0.43,0.43,0.38,1439100.0
2017-05-24,0.43,0.44,0.41,0.41,0.36,8068700.0
2017-05-25,0.41,0.42,0.41,0.42,0.37,2178800.0
2017-05-26,0.42,0.43,0.41,0.43,0.38,2361000.0
2017-05-29,0.43,0.43,0.42,0.43,0.37,2202000.0
2017-05-30,0.43,0.43,0.42,0.43,0.38,2019900.0
2017-05-31,0.43,0.43,0.42,0.42,0.37,3506700.0
2017-06-01,0.42,0.43,0.41,0.43,0.37,3314500.0
2017-06-02,0.43,0.43,0.42,0.43,0.37,1824200.0
2017-06-05,0.43,0.44,0.43,0.44,0.38,2203100.0
2017-06-06,0.44,0.44,0.43,0.44,0.38,1416600.0
2017-06-07,0.43,0.44,0.43,0.44,0.39,1413300.0
2017-06-08,0.44,0.44,0.43,0.44,0.38,656200.0
2017-06-09,0.44,0.44,0.43,0.43,0.38,808400.0
2017-06-12,0.43,0.46,0.43,0.45,0.39,3523300.0
2017-06-13,0.46,0.46,0.45,0.46,0.4,1538800.0
2017-06-14,0.45,0.45,0.44,0.45,0.39,331500.0
2017-06-15,0.45,0.45,0.44,0.44,0.39,1068600.0
2017-06-16,0.44,0.45,0.44,0.45,0.39,1608900.0
2017-06-19,0.45,0.46,0.44,0.45,0.39,1499000.0
2017-06-20,0.45,0.45,0.44,0.44,0.39,1026900.0
2017-06-21,0.45,0.45,0.44,0.45,0.39,408700.0
2017-06-22,0.44,0.45,0.44,0.44,0.39,216100.0
2017-06-23,0.44,0.45,0.44,0.45,0.39,1020300.0
2017-06-27,0.45,0.45,0.44,0.44,0.39,469200.0
2017-06-28,0.44,0.45,0.44,0.45,0.39,2074800.0
2017-06-29,0.45,0.47,0.45,0.47,0.41,1997900.0
2017-06-30,0.46,0.47,0.46,0.47,0.41,781200.0
2017-07-03,0.46,0.47,0.46,0.46,0.4,1086400.0
2017-07-04,0.46,0.47,0.46,0.46,0.4,975900.0
2017-07-05,0.46,0.46,0.46,0.46,0.4,483600.0
2017-07-06,0.46,0.46,0.46,0.46,0.4,253500.0
2017-07-07,0.46,0.46,0.45,0.46,0.4,1400200.0
2017-07-10,0.46,0.47,0.46,0.46,0.4,686800.0
2017-07-11,0.46,0.47,0.46,0.47,0.41,720300.0
2017-07-12,0.46,0.46,0.46,0.46,0.4,310900.0
2017-07-13,0.46,0.46,0.46,0.46,0.4,666400.0
2017-07-14,0.46,0.46,0.46,0.46,0.4,1115500.0
2017-07-17,0.46,0.46,0.46,0.46,0.4,398200.0
2017-07-18,0.46,0.46,0.46,0.46,0.4,181700.0
2017-07-19,0.46,0.46,0.45,0.46,0.4,725700.0
2017-07-20,0.46,0.47,0.46,0.46,0.4,844300.0
2017-07-21,0.46,0.47,0.46,0.47,0.41,954100.0
2017-07-24,0.46,0.47,0.46,0.46,0.4,1061900.0
2017-07-25,0.47,0.47,0.46,0.46,0.4,738900.0
2017-07-26,0.46,0.46,0.46,0.46,0.4,1025700.0
2017-07-27,0.46,0.46,0.46,0.46,0.4,772500.0
2017-07-28,0.46,0.46,0.45,0.46,0.4,2545100.0
2017-07-31,0.45,0.46,0.44,0.45,0.4,917000.0
2017-08-01,0.45,0.45,0.44,0.44,0.4,435800.0
2017-08-02,0.44,0.45,0.44,0.44,0.4,129500.0
2017-08-03,0.44,0.45,0.44,0.44,0.4,236000.0
2017-08-04,0.45,0.45,0.44,0.44,0.4,1909100.0
2017-08-07,0.47,0.49,0.47,0.49,0.44,6526600.0
2017-08-08,0.5,0.5,0.48,0.49,0.43,6799700.0
2017-08-10,0.48,0.49,0.47,0.48,0.43,2355700.0
2017-08-11,0.48,0.48,0.47,0.47,0.42,3097800.0
2017-08-14,0.47,0.47,0.47,0.47,0.42,1463800.0
2017-08-15,0.47,0.48,0.47,0.47,0.42,1447000.0
2017-08-16,0.47,0.48,0.47,0.47,0.42,1528900.0
2017-08-17,0.47,0.47,0.47,0.47,0.42,1060200.0
2017-08-18,0.47,0.47,0.47,0.47,0.42,846700.0
2017-08-21,0.47,0.47,0.47,0.47,0.42,130400.0
2017-08-22,0.47,0.47,0.47,0.47,0.42,246300.0
2017-08-23,0.47,0.48,0.47,0.47,0.42,972800.0
2017-08-24,0.47,0.47,0.47,0.47,0.42,117000.0
2017-08-25,0.47,0.47,0.47,0.47,0.42,172500.0
2017-08-28,0.47,0.48,0.47,0.47,0.42,891200.0
2017-08-29,0.47,0.48,0.47,0.48,0.43,950200.0
2017-08-30,0.47,0.49,0.47,0.49,0.44,2132400.0
2017-08-31,0.48,0.49,0.48,0.48,0.43,1246100.0
2017-09-04,0.48,0.49,0.47,0.47,0.42,3151200.0
2017-09-05,0.47,0.48,0.47,0.48,0.43,325100.0
2017-09-06,0.48,0.48,0.47,0.47,0.42,1136100.0
2017-09-07,0.47,0.48,0.47,0.47,0.42,369900.0
2017-09-08,0.47,0.48,0.47,0.48,0.43,247800.0
2017-09-11,0.47,0.48,0.47,0.48,0.43,129600.0
2017-09-12,0.48,0.49,0.47,0.49,0.43,989500.0
2017-09-13,0.48,0.49,0.47,0.48,0.43,813000.0
2017-09-14,0.49,0.49,0.48,0.48,0.43,176900.0
2017-09-15,0.48,0.49,0.47,0.47,0.42,2948400.0
2017-09-18,0.47,0.47,0.47,0.47,0.42,1001800.0
2017-09-19,0.47,0.47,0.47,0.47,0.42,213200.0
2017-09-20,0.47,0.47,0.47,0.47,0.42,919800.0
2017-09-21,0.47,0.47,0.47,0.47,0.42,816600.0
2017-09-22,0.47,0.49,0.47,0.47,0.42,2046300.0
2017-09-25,0.47,0.47,0.47,0.47,0.42,1024700.0
2017-09-26,0.47,0.47,0.47,0.47,0.42,334300.0
2017-09-27,0.47,0.47,0.47,0.47,0.42,533800.0
2017-09-28,0.47,0.47,0.46,0.47,0.42,1407100.0
2017-09-29,0.47,0.47,0.46,0.47,0.42,309700.0
2017-10-02,0.47,0.47,0.47,0.47,0.42,157000.0
2017-10-03,0.47,0.47,0.47,0.47,0.42,947200.0
2017-10-04,0.47,0.47,0.47,0.47,0.42,308800.0
2017-10-05,0.47,0.47,0.47,0.47,0.42,122900.0
2017-10-06,0.47,0.47,0.47,0.47,0.42,264300.0
2017-10-09,0.47,0.47,0.47,0.47,0.42,1918300.0
2017-10-10,0.47,0.47,0.47,0.47,0.42,533000.0
2017-10-11,0.47,0.47,0.47,0.47,0.42,963300.0
2017-10-12,0.47,0.47,0.47,0.47,0.42,292700.0
2017-10-13,0.47,0.47,0.47,0.47,0.42,3065900.0
2017-10-16,0.47,0.47,0.47,0.47,0.42,985400.0
2017-10-17,0.47,0.47,0.47,0.47,0.42,1025200.0
2017-10-19,0.47,0.48,0.47,0.48,0.43,2180900.0
2017-10-20,0.47,0.47,0.47,0.47,0.42,513500.0
2017-10-23,0.47,0.47,0.47,0.47,0.42,1253100.0
2017-10-24,0.47,0.47,0.47,0.47,0.42,1298100.0
2017-10-25,0.47,0.47,0.47,0.47,0.42,2434500.0
2017-10-26,0.47,0.47,0.47,0.47,0.42,1278900.0
2017-10-27,0.47,0.47,0.46,0.47,0.42,677600.0
2017-10-30,0.47,0.47,0.46,0.46,0.42,312700.0
2017-10-31,0.46,0.47,0.46,0.46,0.42,984800.0
2017-11-01,0.46,0.47,0.46,0.46,0.42,1488400.0
2017-11-02,0.46,0.46,0.46,0.46,0.41,915800.0
2017-11-03,0.46,0.46,0.44,0.45,0.41,3130200.0
2017-11-06,0.45,0.46,0.45,0.45,0.41,255700.0
2017-11-07,0.45,0.46,0.45,0.46,0.42,893300.0
2017-11-08,0.46,0.46,0.46,0.46,0.42,209000.0
2017-11-09,0.46,0.46,0.45,0.46,0.41,444700.0
2017-11-10,0.45,0.46,0.45,0.45,0.41,409200.0
2017-11-13,0.45,0.46,0.44,0.44,0.4,947300.0
2017-11-14,0.45,0.45,0.44,0.45,0.41,367900.0
2017-11-15,0.45,0.45,0.44,0.45,0.41,1762100.0
2017-11-16,0.44,0.45,0.44,0.44,0.4,1641100.0
2017-11-17,0.44,0.44,0.44,0.44,0.4,944900.0
2017-11-20,0.44,0.44,0.43,0.43,0.39,2297300.0
2017-11-21,0.43,0.43,0.42,0.42,0.38,2878600.0
2017-11-22,0.41,0.42,0.41,0.42,0.38,1141100.0
2017-11-23,0.42,0.43,0.42,0.43,0.39,1634800.0
2017-11-24,0.43,0.43,0.43,0.43,0.39,948600.0
2017-11-27,0.41,0.41,0.41,0.41,0.37,6815300.0
2017-11-28,0.41,0.41,0.41,0.41,0.37,1128600.0
2017-11-29,0.41,0.41,0.41,0.41,0.38,168300.0
2017-11-30,0.41,0.41,0.41,0.41,0.38,1081300.0
2017-12-01,0.41,0.41,0.41,0.41,0.38,631600.0
2017-12-04,0.41,0.41,0.41,0.41,0.38,800200.0
2017-12-05,0.41,0.41,0.41,0.41,0.37,357800.0
2017-12-06,0.41,0.41,0.41,0.41,0.37,572000.0
2017-12-07,0.41,0.41,0.41,0.41,0.37,1777400.0
2017-12-08,0.41,0.41,0.41,0.41,0.37,1406300.0
2017-12-11,0.41,0.41,0.41,0.41,0.37,1472200.0
2017-12-12,0.41,0.41,0.41,0.41,0.37,486500.0
2017-12-13,0.41,0.41,0.41,0.41,0.37,828800.0
2017-12-14,0.41,0.41,0.41,0.41,0.37,366200.0
2017-12-15,0.41,0.41,0.39,0.39,0.35,2588100.0
2017-12-18,0.39,0.4,0.39,0.4,0.36,814700.0
2017-12-19,0.4,0.4,0.39,0.4,0.36,738400.0
2017-12-20,0.4,0.4,0.39,0.39,0.35,600100.0
2017-12-21,0.4,0.4,0.39,0.4,0.36,491900.0
2017-12-22,0.4,0.4,0.39,0.39,0.35,746800.0
2017-12-26,0.39,0.4,0.39,0.4,0.36,499400.0
2017-12-27,0.4,0.4,0.39,0.39,0.35,740100.0
2017-12-28,0.4,0.4,0.39,0.4,0.36,967000.0
2017-12-29,0.4,0.4,0.39,0.4,0.36,1026200.0
2018-01-02,0.4,0.4,0.4,0.4,0.36,1529000.0
2018-01-03,0.4,0.4,0.4,0.4,0.36,724900.0
2018-01-04,0.4,0.41,0.4,0.41,0.37,2869600.0
2018-01-05,0.41,0.41,0.4,0.41,0.37,672100.0
2018-01-08,0.41,0.41,0.41,0.41,0.37,372300.0
2018-01-09,0.41,0.41,0.4,0.41,0.37,1015300.0
2018-01-10,0.41,0.41,0.41,0.41,0.37,298800.0
2018-01-11,0.41,0.41,0.41,0.41,0.37,512400.0
2018-01-12,0.41,0.41,0.4,0.4,0.36,736600.0
2018-01-15,0.41,0.41,0.41,0.41,0.37,636300.0
2018-01-16,0.41,0.41,0.41,0.41,0.37,747800.0
2018-01-17,0.41,0.41,0.4,0.41,0.37,440900.0
2018-01-18,0.41,0.41,0.4,0.41,0.37,880600.0
2018-01-19,0.41,0.41,0.41,0.41,0.38,1152200.0
2018-01-22,0.41,0.41,0.41,0.41,0.38,1338100.0
2018-01-23,0.41,0.41,0.41,0.41,0.38,1132800.0
2018-01-24,0.41,0.41,0.41,0.41,0.38,1077400.0
2018-01-25,0.41,0.41,0.41,0.41,0.38,415900.0
2018-01-26,0.41,0.43,0.41,0.41,0.38,6406100.0
2018-01-29,0.41,0.41,0.41,0.41,0.37,6283400.0
2018-01-30,0.41,0.41,0.41,0.41,0.37,2256300.0
2018-01-31,0.41,0.41,0.41,0.41,0.37,1992700.0
2018-02-01,0.41,0.41,0.4,0.41,0.38,2137400.0
2018-02-02,0.41,0.41,0.4,0.4,0.37,1441400.0
2018-02-05,0.4,0.4,0.38,0.39,0.36,2558900.0
2018-02-06,0.39,0.39,0.38,0.39,0.36,2290000.0
2018-02-07,0.38,0.4,0.38,0.4,0.37,2834600.0
2018-02-08,0.4,0.4,0.39,0.4,0.37,1860700.0
2018-02-09,0.39,0.39,0.38,0.38,0.36,1016300.0
2018-02-12,0.38,0.39,0.38,0.38,0.35,3046700.0
2018-02-13,0.38,0.39,0.38,0.38,0.36,2988900.0
2018-02-14,0.39,0.39,0.38,0.38,0.35,668200.0
2018-02-15,0.38,0.39,0.38,0.39,0.36,135200.0
2018-02-19,0.39,0.39,0.38,0.38,0.36,503600.0
2018-02-20,0.39,0.4,0.38,0.4,0.37,1369500.0
2018-02-21,0.4,0.4,0.38,0.39,0.36,4835100.0
2018-02-22,0.38,0.4,0.38,0.39,0.36,4644200.0
2018-02-23,0.38,0.4,0.38,0.39,0.36,827700.0
2018-02-26,0.4,0.4,0.39,0.39,0.36,742600.0
2018-02-27,0.4,0.4,0.39,0.4,0.37,1061800.0
2018-02-28,0.4,0.4,0.39,0.4,0.37,584200.0
2018-03-01,0.4,0.4,0.39,0.4,0.37,963600.0
2018-03-02,0.4,0.4,0.39,0.4,0.37,1750200.0
2018-03-05,0.4,0.41,0.4,0.4,0.37,1961700.0
2018-03-06,0.41,0.41,0.4,0.41,0.38,620800.0
2018-03-07,0.41,0.41,0.4,0.41,0.38,909200.0
2018-03-08,0.41,0.43,0.41,0.41,0.38,3432800.0
2018-03-09,0.42,0.42,0.41,0.41,0.38,2353400.0
2018-03-12,0.41,0.43,0.41,0.42,0.39,3035400.0
2018-03-13,0.41,0.42,0.41,0.41,0.38,1037500.0
2018-03-14,0.41,0.42,0.41,0.42,0.39,1738400.0
2018-03-15,0.41,0.43,0.41,0.43,0.39,2143000.0
2018-03-16,0.42,0.43,0.42,0.42,0.39,1447000.0
2018-03-19,0.42,0.43,0.41,0.42,0.39,354100.0
2018-03-20,0.42,0.42,0.41,0.41,0.38,225500.0
2018-03-21,0.42,0.42,0.41,0.42,0.39,139800.0
2018-03-22,0.42,0.42,0.41,0.42,0.39,1240800.0
2018-03-23,0.41,0.42,0.41,0.41,0.38,4187400.0
2018-03-26,0.41,0.42,0.41,0.41,0.38,550300.0
2018-03-27,0.41,0.42,0.41,0.42,0.39,1529100.0
2018-03-28,0.42,0.42,0.41,0.42,0.39,348600.0
2018-03-29,0.42,0.43,0.41,0.43,0.39,663400.0
2018-04-02,0.42,0.42,0.42,0.42,0.39,393300.0
2018-04-03,0.41,0.42,0.41,0.42,0.39,782200.0
2018-04-04,0.42,0.42,0.41,0.41,0.38,2085000.0
2018-04-05,0.42,0.43,0.41,0.42,0.39,832100.0
2018-04-06,0.41,0.42,0.41,0.42,0.39,365500.0
2018-04-09,0.41,0.43,0.41,0.42,0.39,1543800.0
2018-04-10,0.42,0.43,0.41,0.42,0.39,435700.0
2018-04-11,0.43,0.43,0.42,0.43,0.39,531300.0
2018-04-12,0.42,0.43,0.41,0.43,0.4,2904200.0
2018-04-13,0.43,0.43,0.42,0.43,0.39,698100.0
2018-04-16,0.43,0.43,0.42,0.43,0.39,1215800.0
2018-04-17,0.43,0.43,0.42,0.43,0.39,172100.0
2018-04-18,0.43,0.43,0.42,0.43,0.39,1697400.0
2018-04-19,0.43,0.43,0.43,0.43,0.4,732800.0
2018-04-20,0.43,0.43,0.43,0.43,0.4,982000.0
2018-04-23,0.43,0.43,0.43,0.43,0.39,1143500.0
2018-04-24,0.43,0.43,0.43,0.43,0.4,3714200.0
2018-04-25,0.43,0.43,0.42,0.43,0.39,750600.0
2018-04-26,0.43,0.43,0.43,0.43,0.4,2047900.0
2018-04-27,0.43,0.43,0.42,0.43,0.41,1212600.0
2018-04-30,0.43,0.43,0.43,0.43,0.4,762700.0
2018-05-02,0.42,0.43,0.42,0.43,0.41,2259400.0
2018-05-03,0.43,0.43,0.43,0.43,0.41,1107100.0
2018-05-04,0.43,0.43,0.43,0.43,0.4,887300.0
2018-05-07,0.43,0.43,0.43,0.43,0.41,1577300.0
2018-05-08,0.43,0.43,0.43,0.43,0.41,1157800.0
2018-05-09,0.43,0.43,0.43,0.43,0.41,909100.0
2018-05-10,0.43,0.44,0.43,0.43,0.41,802700.0
2018-05-11,0.43,0.43,0.43,0.43,0.4,1002400.0
2018-05-14,0.43,0.43,0.43,0.43,0.41,645500.0
2018-05-15,0.43,0.44,0.43,0.44,0.41,1387800.0
2018-05-16,0.43,0.44,0.43,0.43,0.41,683300.0
2018-05-17,0.43,0.44,0.43,0.43,0.41,927800.0
2018-05-18,0.43,0.44,0.43,0.44,0.42,1413000.0
2018-05-21,0.44,0.44,0.44,0.44,0.41,2058200.0
2018-05-22,0.44,0.44,0.44,0.44,0.42,208800.0
2018-05-23,0.43,0.44,0.43,0.44,0.42,1396200.0
2018-05-24,0.44,0.44,0.43,0.43,0.41,651100.0
2018-05-25,0.44,0.44,0.43,0.43,0.41,964000.0
2018-05-28,0.44,0.44,0.44,0.44,0.42,754600.0
2018-05-30,0.44,0.44,0.43,0.43,0.41,2430200.0
2018-05-31,0.44,0.44,0.43,0.43,0.41,1456900.0
2018-06-01,0.44,0.44,0.43,0.44,0.42,970500.0
2018-06-04,0.44,0.44,0.44,0.44,0.42,1260800.0
2018-06-05,0.44,0.44,0.43,0.44,0.41,968300.0
2018-06-06,0.44,0.44,0.43,0.44,0.41,959800.0
2018-06-07,0.44,0.44,0.43,0.44,0.41,375500.0
2018-06-08,0.44,0.44,0.43,0.44,0.41,919700.0
2018-06-11,0.44,0.44,0.44,0.44,0.41,1434900.0
2018-06-12,0.44,0.44,0.44,0.44,0.41,63200.0
2018-06-13,0.44,0.44,0.44,0.44,0.42,1654600.0
2018-06-14,0.44,0.44,0.43,0.44,0.41,459200.0
2018-06-18,0.43,0.44,0.43,0.43,0.41,281400.0
2018-06-19,0.43,0.44,0.43,0.43,0.41,1903700.0
2018-06-20,0.43,0.44,0.43,0.44,0.41,871800.0
2018-06-21,0.44,0.44,0.43,0.44,0.41,943900.0
2018-06-22,0.44,0.44,0.43,0.43,0.41,1065200.0
2018-06-25,0.43,0.44,0.43,0.44,0.41,1415300.0
2018-06-26,0.44,0.44,0.43,0.44,0.41,552000.0
2018-06-27,0.44,0.44,0.43,0.44,0.41,214200.0
2018-06-28,0.44,0.44,0.43,0.43,0.41,1522800.0
2018-06-29,0.44,0.44,0.43,0.44,0.42,280300.0
2018-07-02,0.44,0.44,0.44,0.44,0.42,805200.0
2018-07-03,0.44,0.44,0.44,0.44,0.42,190100.0
2018-07-04,0.44,0.44,0.44,0.44,0.42,272500.0
2018-07-05,0.44,0.44,0.44,0.44,0.42,486200.0
2018-07-06,0.44,0.44,0.44,0.44,0.41,990900.0
2018-07-09,0.44,0.44,0.44,0.44,0.42,397300.0
2018-07-10,0.44,0.44,0.44,0.44,0.42,826000.0
2018-07-11,0.44,0.44,0.44,0.44,0.42,252300.0
2018-07-12,0.44,0.44,0.44,0.44,0.41,147800.0
2018-07-13,0.44,0.44,0.44,0.44,0.41,4035110.0
2018-07-16,0.44,0.44,0.44,0.44,0.42,379800.0
2018-07-17,0.44,0.44,0.44,0.44,0.42,67000.0
2018-07-18,0.44,0.44,0.44,0.44,0.42,2007300.0
2018-07-19,0.44,0.44,0.44,0.44,0.41,796200.0
2018-07-20,0.44,0.44,0.44,0.44,0.42,166300.0
2018-07-23,0.44,0.44,0.44,0.44,0.42,150300.0
2018-07-24,0.44,0.44,0.44,0.44,0.42,62600.0
2018-07-25,0.44,0.44,0.44,0.44,0.42,603700.0
2018-07-26,0.44,0.44,0.44,0.44,0.42,613500.0
2018-07-27,0.44,0.44,0.44,0.44,0.42,1606700.0
2018-07-30,0.44,0.44,0.44,0.44,0.42,1630900.0
2018-07-31,0.44,0.44,0.43,0.44,0.43,1631100.0
2018-08-01,0.44,0.44,0.44,0.44,0.43,563900.0
2018-08-02,0.44,0.45,0.44,0.44,0.43,732900.0
2018-08-03,0.44,0.44,0.44,0.44,0.42,548400.0
2018-08-06,0.44,0.44,0.44,0.44,0.42,426600.0
2018-08-07,0.44,0.44,0.44,0.44,0.42,453400.0
2018-08-08,0.44,0.44,0.44,0.44,0.42,532200.0
2018-08-10,0.44,0.44,0.44,0.44,0.42,567200.0
2018-08-13,0.44,0.44,0.44,0.44,0.42,244000.0
2018-08-14,0.44,0.44,0.44,0.44,0.42,772500.0
2018-08-15,0.44,0.44,0.44,0.44,0.42,1225100.0
2018-08-16,0.44,0.44,0.44,0.44,0.42,161100.0
2018-08-17,0.44,0.44,0.44,0.44,0.42,382300.0
2018-08-20,0.44,0.44,0.44,0.44,0.42,209500.0
2018-08-21,0.44,0.44,0.44,0.44,0.42,35400.0
2018-08-23,0.44,0.44,0.44,0.44,0.42,271800.0
2018-08-24,0.44,0.44,0.44,0.44,0.42,69900.0
2018-08-27,0.44,0.44,0.44,0.44,0.42,324800.0
2018-08-28,0.44,0.44,0.44,0.44,0.42,409500.0
2018-08-29,0.44,0.44,0.43,0.44,0.42,1598900.0
2018-08-30,0.44,0.44,0.43,0.43,0.41,4242700.0
2018-08-31,0.44,0.44,0.43,0.43,0.41,2178500.0
2018-09-03,0.43,0.43,0.42,0.42,0.4,1835600.0
2018-09-04,0.42,0.42,0.41,0.42,0.4,590600.0
2018-09-05,0.41,0.42,0.41,0.41,0.4,226400.0
2018-09-06,0.41,0.41,0.41,0.41,0.4,209000.0
2018-09-07,0.41,0.41,0.41,0.41,0.4,473300.0
2018-09-10,0.41,0.41,0.41,0.41,0.39,187400.0
2018-09-11,0.41,0.41,0.4,0.41,0.39,339200.0
2018-09-12,0.41,0.41,0.4,0.41,0.39,276800.0
2018-09-13,0.41,0.41,0.4,0.41,0.39,148000.0
2018-09-14,0.41,0.41,0.4,0.4,0.39,214600.0
2018-09-17,0.41,0.41,0.41,0.41,0.4,285200.0
2018-09-18,0.41,0.41,0.4,0.4,0.39,70200.0
2018-09-19,0.4,0.41,0.4,0.41,0.39,280300.0
2018-09-20,0.4,0.41,0.4,0.4,0.39,1064710.0
2018-09-21,0.4,0.41,0.4,0.4,0.39,323300.0
2018-09-24,0.41,0.42,0.41,0.41,0.4,798600.0
2018-09-25,0.41,0.42,0.41,0.41,0.4,1177900.0
2018-09-26,0.41,0.42,0.41,0.42,0.4,611100.0
2018-09-27,0.42,0.44,0.42,0.44,0.42,3005500.0
2018-09-28,0.44,0.44,0.43,0.43,0.41,659700.0
2018-10-01,0.43,0.44,0.43,0.43,0.41,1527700.0
2018-10-02,0.43,0.44,0.43,0.44,0.42,927100.0
2018-10-03,0.44,0.44,0.44,0.44,0.42,299700.0
2018-10-04,0.44,0.44,0.43,0.43,0.41,445700.0
2018-10-05,0.43,0.43,0.42,0.43,0.41,489800.0
2018-10-08,0.43,0.43,0.43,0.43,0.41,332700.0
2018-10-09,0.43,0.43,0.42,0.43,0.41,276900.0
2018-10-10,0.42,0.43,0.41,0.41,0.4,1256600.0
2018-10-11,0.41,0.41,0.41,0.41,0.4,1180600.0
2018-10-12,0.41,0.42,0.41,0.42,0.4,524200.0
2018-10-15,0.41,0.42,0.41,0.41,0.4,247000.0
2018-10-16,0.41,0.42,0.41,0.42,0.4,381900.0
2018-10-17,0.42,0.43,0.41,0.43,0.41,1124600.0
2018-10-18,0.42,0.43,0.42,0.43,0.41,144000.0
2018-10-19,0.42,0.43,0.42,0.42,0.4,128800.0
2018-10-22,0.43,0.43,0.42,0.42,0.4,555600.0
2018-10-23,0.42,0.42,0.42,0.42,0.4,116900.0
2018-10-24,0.42,0.42,0.41,0.42,0.4,1833700.0
2018-10-25,0.41,0.42,0.41,0.41,0.4,458900.0
2018-10-26,0.41,0.41,0.41,0.41,0.4,343100.0
2018-10-29,0.41,0.41,0.4,0.4,0.39,3051800.0
2018-10-30,0.4,0.4,0.38,0.4,0.38,1122700.0
2018-10-31,0.4,0.41,0.4,0.4,0.39,1632300.0
2018-11-01,0.4,0.4,0.39,0.39,0.38,843700.0
2018-11-02,0.39,0.4,0.39,0.4,0.39,516200.0
2018-11-05,0.4,0.4,0.39,0.39,0.38,488600.0
2018-11-07,0.39,0.4,0.39,0.4,0.39,906800.0
2018-11-08,0.4,0.4,0.4,0.4,0.39,752900.0
2018-11-09,0.4,0.4,0.4,0.4,0.39,1578800.0
2018-11-12,0.4,0.4,0.4,0.4,0.39,195800.0
2018-11-13,0.39,0.4,0.39,0.4,0.39,134300.0
2018-11-14,0.4,0.4,0.39,0.39,0.38,351100.0
2018-11-15,0.39,0.4,0.38,0.38,0.38,939200.0
2018-11-16,0.38,0.39,0.38,0.38,0.38,605300.0
2018-11-19,0.38,0.39,0.38,0.39,0.38,270800.0
2018-11-20,0.39,0.39,0.38,0.39,0.38,180400.0
2018-11-21,0.39,0.39,0.38,0.38,0.38,248000.0
2018-11-22,0.39,0.4,0.38,0.39,0.38,701700.0
2018-11-23,0.39,0.4,0.39,0.4,0.39,154300.0
2018-11-26,0.39,0.4,0.39,0.4,0.39,273200.0
2018-11-27,0.4,0.4,0.4,0.4,0.39,125000.0
2018-11-28,0.4,0.4,0.39,0.4,0.39,66300.0
2018-11-29,0.4,0.41,0.4,0.4,0.39,427700.0
2018-11-30,0.4,0.41,0.4,0.41,0.4,2112600.0
2018-12-03,0.41,0.41,0.4,0.41,0.4,237800.0
2018-12-04,0.4,0.41,0.4,0.41,0.41,1133300.0
2018-12-05,0.41,0.41,0.4,0.41,0.4,937300.0
2018-12-06,0.41,0.41,0.4,0.41,0.4,232900.0
2018-12-07,0.4,0.41,0.4,0.41,0.4,317800.0
2018-12-10,0.4,0.41,0.4,0.41,0.4,611300.0
2018-12-11,0.4,0.41,0.4,0.4,0.39,360000.0
2018-12-12,0.4,0.4,0.4,0.4,0.39,407600.0
2018-12-13,0.4,0.41,0.4,0.4,0.39,270500.0
2018-12-14,0.4,0.41,0.4,0.4,0.39,133300.0
2018-12-17,0.4,0.41,0.4,0.41,0.4,599300.0
2018-12-18,0.4,0.4,0.4,0.4,0.39,162000.0
2018-12-19,0.4,0.41,0.4,0.41,0.4,641100.0
2018-12-20,0.4,0.41,0.4,0.4,0.39,208800.0
2018-12-21,0.4,0.4,0.4,0.4,0.39,579600.0
2018-12-24,,,,,,
2018-12-26,0.4,0.4,0.38,0.39,0.38,707800.0
2018-12-27,0.39,0.4,0.39,0.39,0.38,668700.0
2018-12-28,0.39,0.4,0.39,0.4,0.39,338200.0
2018-12-31,0.39,0.4,0.39,0.39,0.38,321100.0
2019-01-01,0.39,0.39,0.39,0.39,0.38,0.0
2019-01-02,0.4,0.4,0.4,0.4,0.39,187800.0
2019-01-03,0.4,0.4,0.39,0.4,0.39,231300.0
2019-01-04,0.4,0.4,0.39,0.4,0.39,164100.0
2019-01-07,0.4,0.4,0.4,0.4,0.39,304000.0
2019-01-08,0.4,0.41,0.4,0.41,0.4,358700.0
2019-01-09,0.4,0.41,0.4,0.4,0.39,232200.0
2019-01-10,0.4,0.41,0.4,0.41,0.4,547600.0
2019-01-11,0.41,0.41,0.41,0.41,0.4,306600.0
2019-01-14,0.41,0.41,0.4,0.41,0.4,436200.0
2019-01-15,0.41,0.41,0.4,0.41,0.4,319800.0
2019-01-16,0.41,0.41,0.41,0.41,0.4,458600.0
2019-01-17,0.41,0.41,0.41,0.41,0.41,443700.0
2019-01-18,0.41,0.42,0.41,0.41,0.41,655300.0
2019-01-21,0.41,0.42,0.41,0.41,0.41,790500.0
2019-01-22,0.41,0.42,0.41,0.41,0.4,380500.0
2019-01-23,0.41,0.41,0.41,0.41,0.41,295700.0
2019-01-24,0.41,0.41,0.41,0.41,0.4,311500.0
2019-01-25,0.41,0.41,0.41,0.41,0.41,1524100.0
2019-01-28,0.41,0.42,0.41,0.42,0.41,243400.0
2019-01-29,0.42,0.42,0.41,0.41,0.41,394200.0
2019-01-30,0.42,0.42,0.41,0.42,0.41,390300.0
2019-01-31,0.41,0.41,0.41,0.41,0.41,1035200.0
2019-02-01,0.41,0.41,0.41,0.41,0.41,199900.0
